[INFO] Scanning for projects...
[INFO] 
[INFO] -----------------------< com.sriundee:preorder >------------------------
[INFO] Building preorder 0.0.1-SNAPSHOT
[INFO]   from pom.xml
[INFO] --------------------------------[ jar ]---------------------------------
[INFO] 
[INFO] >>> spring-boot:3.5.9:run (default-cli) > test-compile @ preorder >>>
[INFO] 
[INFO] --- resources:3.3.1:resources (default-resources) @ preorder ---
[INFO] Copying 1 resource from src\main\resources to target\classes
[INFO] Copying 1879 resources from src\main\resources to target\classes
[INFO] 
[INFO] --- compiler:3.14.1:compile (default-compile) @ preorder ---
[INFO] Nothing to compile - all classes are up to date.
[INFO] 
[INFO] --- resources:3.3.1:testResources (default-testResources) @ preorder ---
[INFO] skip non existing resourceDirectory D:\PreorderShop\git\SriundeeShop\src\test\resources
[INFO] 
[INFO] --- compiler:3.14.1:testCompile (default-testCompile) @ preorder ---
[INFO] Nothing to compile - all classes are up to date.
[INFO] 
[INFO] <<< spring-boot:3.5.9:run (default-cli) < test-compile @ preorder <<<
[INFO] 
[INFO] 
[INFO] --- spring-boot:3.5.9:run (default-cli) @ preorder ---
[INFO] Attaching agents: []

  .   ____          _            __ _ _
 /\\ / ___'_ __ _ _(_)_ __  __ _ \ \ \ \
( ( )\___ | '_ | '_| | '_ \/ _` | \ \ \ \
 \\/  ___)| |_)| | | | | || (_| |  ) ) ) )
  '  |____| .__|_| |_|_| |_\__, | / / / /
 =========|_|==============|___/=/_/_/_/

 :: Spring Boot ::                (v3.5.9)

2026-05-21T14:48:31.898+07:00  INFO 45896 --- [preorder] [  restartedMain] c.sriundee.preorder.PreorderApplication  : Starting PreorderApplication using Java 23.0.2 with PID 45896 (D:\PreorderShop\git\SriundeeShop\target\classes started by bbkiss in D:\PreorderShop\git\SriundeeShop)
2026-05-21T14:48:31.900+07:00  INFO 45896 --- [preorder] [  restartedMain] c.sriundee.preorder.PreorderApplication  : No active profile set, falling back to 1 default profile: "default"
2026-05-21T14:48:31.900+07:00 DEBUG 45896 --- [preorder] [  restartedMain] o.s.boot.SpringApplication               : Loading source class com.sriundee.preorder.PreorderApplication
2026-05-21T14:48:31.942+07:00 DEBUG 45896 --- [preorder] [  restartedMain] o.s.b.devtools.restart.ChangeableUrls    : Matching URLs for reloading : [file:/D:/PreorderShop/git/SriundeeShop/target/classes/]
2026-05-21T14:48:31.942+07:00 DEBUG 45896 --- [preorder] [  restartedMain] o.s.b.d.settings.DevToolsSettings        : Included patterns for restart : []
2026-05-21T14:48:31.943+07:00 DEBUG 45896 --- [preorder] [  restartedMain] o.s.b.d.settings.DevToolsSettings        : Excluded patterns for restart : [/spring-boot-starter-[\w-]+/, /spring-boot/(bin|build|out)/, /spring-boot-starter/(bin|build|out)/, /spring-boot-devtools/(bin|build|out)/, /spring-boot-actuator/(bin|build|out)/, /spring-boot-autoconfigure/(bin|build|out)/]
2026-05-21T14:48:31.943+07:00  INFO 45896 --- [preorder] [  restartedMain] .e.DevToolsPropertyDefaultsPostProcessor : Devtools property defaults active! Set 'spring.devtools.add-properties' to 'false' to disable
2026-05-21T14:48:31.943+07:00  INFO 45896 --- [preorder] [  restartedMain] .e.DevToolsPropertyDefaultsPostProcessor : For additional web related logging consider setting the 'logging.level.web' property to 'DEBUG'
2026-05-21T14:48:31.943+07:00 DEBUG 45896 --- [preorder] [  restartedMain] ConfigServletWebServerApplicationContext : Refreshing org.springframework.boot.web.servlet.context.AnnotationConfigServletWebServerApplicationContext@26fd904a
2026-05-21T14:48:32.385+07:00  INFO 45896 --- [preorder] [  restartedMain] .s.d.r.c.RepositoryConfigurationDelegate : Bootstrapping Spring Data JPA repositories in DEFAULT mode.
2026-05-21T14:48:32.396+07:00 DEBUG 45896 --- [preorder] [  restartedMain] o.s.b.a.AutoConfigurationPackages        : @EnableAutoConfiguration was declared on a class in the package 'com.sriundee.preorder'. Automatic @Repository and @Entity scanning is enabled.
2026-05-21T14:48:32.465+07:00  INFO 45896 --- [preorder] [  restartedMain] .s.d.r.c.RepositoryConfigurationDelegate : Finished Spring Data repository scanning in 74 ms. Found 21 JPA repository interfaces.
2026-05-21T14:48:32.759+07:00 DEBUG 45896 --- [preorder] [  restartedMain] .s.b.w.e.t.TomcatServletWebServerFactory : Code archive: C:\Users\bbkiss\.m2\repository\org\springframework\boot\spring-boot\3.5.9\spring-boot-3.5.9.jar
2026-05-21T14:48:32.760+07:00 DEBUG 45896 --- [preorder] [  restartedMain] .s.b.w.e.t.TomcatServletWebServerFactory : Code archive: C:\Users\bbkiss\.m2\repository\org\springframework\boot\spring-boot\3.5.9\spring-boot-3.5.9.jar
2026-05-21T14:48:32.761+07:00 DEBUG 45896 --- [preorder] [  restartedMain] .s.b.w.e.t.TomcatServletWebServerFactory : None of the document roots [src/main/webapp, public, static] point to a directory and will be ignored.
2026-05-21T14:48:32.786+07:00  INFO 45896 --- [preorder] [  restartedMain] o.s.b.w.embedded.tomcat.TomcatWebServer  : Tomcat initialized with port 8080 (http)
2026-05-21T14:48:32.798+07:00  INFO 45896 --- [preorder] [  restartedMain] o.apache.catalina.core.StandardService   : Starting service [Tomcat]
2026-05-21T14:48:32.799+07:00  INFO 45896 --- [preorder] [  restartedMain] o.apache.catalina.core.StandardEngine    : Starting Servlet engine: [Apache Tomcat/10.1.50]
2026-05-21T14:48:32.831+07:00  INFO 45896 --- [preorder] [  restartedMain] o.a.c.c.C.[Tomcat].[localhost].[/]       : Initializing Spring embedded WebApplicationContext
2026-05-21T14:48:32.832+07:00 DEBUG 45896 --- [preorder] [  restartedMain] w.s.c.ServletWebServerApplicationContext : Published root WebApplicationContext as ServletContext attribute with name [org.springframework.web.context.WebApplicationContext.ROOT]
2026-05-21T14:48:32.833+07:00  INFO 45896 --- [preorder] [  restartedMain] w.s.c.ServletWebServerApplicationContext : Root WebApplicationContext: initialization completed in 889 ms
2026-05-21T14:48:32.847+07:00 DEBUG 45896 --- [preorder] [  restartedMain] o.s.b.w.s.ServletContextInitializerBeans : Mapping filters: characterEncodingFilter urls=[/*] order=-2147483648, formContentFilter urls=[/*] order=-9900, requestContextFilter urls=[/*] order=-105
2026-05-21T14:48:32.847+07:00 DEBUG 45896 --- [preorder] [  restartedMain] o.s.b.w.s.ServletContextInitializerBeans : Mapping servlets: dispatcherServlet urls=[/]
2026-05-21T14:48:32.862+07:00 DEBUG 45896 --- [preorder] [  restartedMain] o.s.b.w.s.f.OrderedRequestContextFilter  : Filter 'requestContextFilter' configured for use
2026-05-21T14:48:32.864+07:00 DEBUG 45896 --- [preorder] [  restartedMain] s.b.w.s.f.OrderedCharacterEncodingFilter : Filter 'characterEncodingFilter' configured for use
2026-05-21T14:48:32.864+07:00 DEBUG 45896 --- [preorder] [  restartedMain] o.s.b.w.s.f.OrderedFormContentFilter     : Filter 'formContentFilter' configured for use
2026-05-21T14:48:32.920+07:00  INFO 45896 --- [preorder] [  restartedMain] com.zaxxer.hikari.HikariDataSource       : HikariPool-1 - Starting...
2026-05-21T14:48:33.162+07:00  INFO 45896 --- [preorder] [  restartedMain] com.zaxxer.hikari.pool.HikariPool        : HikariPool-1 - Added connection com.mysql.cj.jdbc.ConnectionImpl@37179e81
2026-05-21T14:48:33.163+07:00  INFO 45896 --- [preorder] [  restartedMain] com.zaxxer.hikari.HikariDataSource       : HikariPool-1 - Start completed.
2026-05-21T14:48:33.197+07:00  INFO 45896 --- [preorder] [  restartedMain] o.hibernate.jpa.internal.util.LogHelper  : HHH000204: Processing PersistenceUnitInfo [name: default]
2026-05-21T14:48:33.223+07:00  INFO 45896 --- [preorder] [  restartedMain] org.hibernate.Version                    : HHH000412: Hibernate ORM core version 6.6.39.Final
2026-05-21T14:48:33.240+07:00  INFO 45896 --- [preorder] [  restartedMain] o.h.c.internal.RegionFactoryInitiator    : HHH000026: Second-level cache disabled
2026-05-21T14:48:33.402+07:00  INFO 45896 --- [preorder] [  restartedMain] o.s.o.j.p.SpringPersistenceUnitInfo      : No LoadTimeWeaver setup: ignoring JPA class transformer
2026-05-21T14:48:33.462+07:00  INFO 45896 --- [preorder] [  restartedMain] org.hibernate.orm.connections.pooling    : HHH10001005: Database info:
	Database JDBC URL [Connecting through datasource 'HikariDataSource (HikariPool-1)']
	Database driver: undefined/unknown
	Database version: 8.0.42
	Autocommit mode: undefined/unknown
	Isolation level: undefined/unknown
	Minimum pool size: undefined/unknown
	Maximum pool size: undefined/unknown
2026-05-21T14:48:34.048+07:00  INFO 45896 --- [preorder] [  restartedMain] o.h.e.t.j.p.i.JtaPlatformInitiator       : HHH000489: No JTA platform available (set 'hibernate.transaction.jta.platform' to enable JTA platform integration)
2026-05-21T14:48:34.050+07:00  INFO 45896 --- [preorder] [  restartedMain] j.LocalContainerEntityManagerFactoryBean : Initialized JPA EntityManagerFactory for persistence unit 'default'
2026-05-21T14:48:34.193+07:00  INFO 45896 --- [preorder] [  restartedMain] o.s.d.j.r.query.QueryEnhancerFactory     : Hibernate is in classpath; If applicable, HQL parser will be used.
2026-05-21T14:48:34.672+07:00  WARN 45896 --- [preorder] [  restartedMain] JpaBaseConfiguration$JpaWebConfiguration : spring.jpa.open-in-view is enabled by default. Therefore, database queries may be performed during view rendering. Explicitly configure spring.jpa.open-in-view to disable this warning
2026-05-21T14:48:34.701+07:00  INFO 45896 --- [preorder] [  restartedMain] o.s.b.a.w.s.WelcomePageHandlerMapping    : Adding welcome page template: index
2026-05-21T14:48:34.780+07:00 DEBUG 45896 --- [preorder] [  restartedMain] s.w.s.m.m.a.RequestMappingHandlerMapping : 82 mappings in 'requestMappingHandlerMapping'
2026-05-21T14:48:34.866+07:00 DEBUG 45896 --- [preorder] [  restartedMain] o.s.w.s.handler.SimpleUrlHandlerMapping  : Patterns [/webjars/**, /**] in 'resourceHandlerMapping'
2026-05-21T14:48:34.895+07:00 DEBUG 45896 --- [preorder] [  restartedMain] s.w.s.m.m.a.RequestMappingHandlerAdapter : ControllerAdvice beans: 1 @ModelAttribute, 0 @InitBinder, 1 RequestBodyAdvice, 1 ResponseBodyAdvice
2026-05-21T14:48:34.969+07:00 DEBUG 45896 --- [preorder] [  restartedMain] .m.m.a.ExceptionHandlerExceptionResolver : ControllerAdvice beans: 0 @ExceptionHandler, 1 ResponseBodyAdvice
2026-05-21T14:48:35.294+07:00 DEBUG 45896 --- [preorder] [  restartedMain] o.s.b.d.livereload.LiveReloadServer      : Starting live reload server on port 35729
2026-05-21T14:48:35.297+07:00  INFO 45896 --- [preorder] [  restartedMain] o.s.b.d.a.OptionalLiveReloadServer       : LiveReload server is running on port 35729
2026-05-21T14:48:35.334+07:00  INFO 45896 --- [preorder] [  restartedMain] o.s.b.w.embedded.tomcat.TomcatWebServer  : Tomcat started on port 8080 (http) with context path '/'
2026-05-21T14:48:35.347+07:00 DEBUG 45896 --- [preorder] [  restartedMain] .s.b.a.l.ConditionEvaluationReportLogger : 


============================
CONDITIONS EVALUATION REPORT
============================


Positive matches:
-----------------

   AopAutoConfiguration matched:
      - @ConditionalOnBooleanProperty (spring.aop.auto=true) matched (OnPropertyCondition)

   AopAutoConfiguration.AspectJAutoProxyingConfiguration matched:
      - @ConditionalOnClass found required class 'org.aspectj.weaver.Advice' (OnClassCondition)

   AopAutoConfiguration.AspectJAutoProxyingConfiguration.CglibAutoProxyConfiguration matched:
      - @ConditionalOnBooleanProperty (spring.aop.proxy-target-class=true) matched (OnPropertyCondition)

   ApplicationAvailabilityAutoConfiguration#applicationAvailability matched:
      - @ConditionalOnMissingBean (types: org.springframework.boot.availability.ApplicationAvailability; SearchStrategy: all) did not find any beans (OnBeanCondition)

   DataSourceAutoConfiguration matched:
      - @ConditionalOnClass found required classes 'javax.sql.DataSource', 'org.springframework.jdbc.datasource.embedded.EmbeddedDatabaseType' (OnClassCondition)
      - @ConditionalOnMissingBean (types: ?; SearchStrategy: all) did not find any beans (OnBeanCondition)

   DataSourceAutoConfiguration.PooledDataSourceConfiguration matched:
      - AnyNestedCondition 1 matched 1 did not; NestedCondition on DataSourceAutoConfiguration.PooledDataSourceCondition.PooledDataSourceAvailable PooledDataSource found supported DataSource; NestedCondition on DataSourceAutoConfiguration.PooledDataSourceCondition.ExplicitType @ConditionalOnProperty (spring.datasource.type) did not find property 'spring.datasource.type' (DataSourceAutoConfiguration.PooledDataSourceCondition)
      - @ConditionalOnMissingBean (types: javax.sql.DataSource,javax.sql.XADataSource; SearchStrategy: all) did not find any beans (OnBeanCondition)

   DataSourceAutoConfiguration.PooledDataSourceConfiguration#jdbcConnectionDetails matched:
      - @ConditionalOnMissingBean (types: org.springframework.boot.autoconfigure.jdbc.JdbcConnectionDetails; SearchStrategy: all) did not find any beans (OnBeanCondition)

   DataSourceConfiguration.Hikari matched:
      - @ConditionalOnClass found required class 'com.zaxxer.hikari.HikariDataSource' (OnClassCondition)
      - @ConditionalOnProperty (spring.datasource.type=com.zaxxer.hikari.HikariDataSource) matched (OnPropertyCondition)
      - @ConditionalOnMissingBean (types: javax.sql.DataSource; SearchStrategy: all) did not find any beans (OnBeanCondition)

   DataSourceInitializationConfiguration matched:
      - @ConditionalOnClass found required class 'org.springframework.jdbc.datasource.init.DatabasePopulator' (OnClassCondition)
      - @ConditionalOnSingleCandidate (types: javax.sql.DataSource; SearchStrategy: all) found a single bean 'dataSource'; @ConditionalOnMissingBean (types: org.springframework.boot.autoconfigure.sql.init.SqlDataSourceScriptDatabaseInitializer,org.springframework.boot.autoconfigure.sql.init.SqlR2dbcScriptDatabaseInitializer; SearchStrategy: all) did not find any beans (OnBeanCondition)

   DataSourcePoolMetadataProvidersConfiguration.HikariPoolDataSourceMetadataProviderConfiguration matched:
      - @ConditionalOnClass found required class 'com.zaxxer.hikari.HikariDataSource' (OnClassCondition)

   DataSourceTransactionManagerAutoConfiguration matched:
      - @ConditionalOnClass found required classes 'javax.sql.DataSource', 'org.springframework.jdbc.core.JdbcTemplate', 'org.springframework.transaction.TransactionManager' (OnClassCondition)

   DataSourceTransactionManagerAutoConfiguration.JdbcTransactionManagerConfiguration matched:
      - @ConditionalOnSingleCandidate (types: javax.sql.DataSource; SearchStrategy: all) found a single bean 'dataSource' (OnBeanCondition)

   DevToolsDataSourceAutoConfiguration matched:
      - @ConditionalOnClass found required class 'javax.sql.DataSource' (OnClassCondition)
      - Devtools devtools enabled. (OnEnabledDevToolsCondition)
      - DevTools DataSource Condition found auto-configured DataSource (DevToolsDataSourceAutoConfiguration.DevToolsDataSourceCondition)

   DevToolsDataSourceAutoConfiguration.DatabaseShutdownExecutorEntityManagerFactoryDependsOnPostProcessor matched:
      - @ConditionalOnClass found required class 'org.springframework.orm.jpa.LocalContainerEntityManagerFactoryBean' (OnClassCondition)
      - @ConditionalOnBean (types: org.springframework.orm.jpa.AbstractEntityManagerFactoryBean; SearchStrategy: all) found bean '&entityManagerFactory' (OnBeanCondition)

   DispatcherServletAutoConfiguration matched:
      - @ConditionalOnClass found required class 'org.springframework.web.servlet.DispatcherServlet' (OnClassCondition)
      - found 'session' scope (OnWebApplicationCondition)

   DispatcherServletAutoConfiguration.DispatcherServletConfiguration matched:
      - @ConditionalOnClass found required class 'jakarta.servlet.ServletRegistration' (OnClassCondition)
      - Default DispatcherServlet did not find dispatcher servlet beans (DispatcherServletAutoConfiguration.DefaultDispatcherServletCondition)

   DispatcherServletAutoConfiguration.DispatcherServletRegistrationConfiguration matched:
      - @ConditionalOnClass found required class 'jakarta.servlet.ServletRegistration' (OnClassCondition)
      - DispatcherServlet Registration did not find servlet registration bean (DispatcherServletAutoConfiguration.DispatcherServletRegistrationCondition)

   DispatcherServletAutoConfiguration.DispatcherServletRegistrationConfiguration#dispatcherServletRegistration matched:
      - @ConditionalOnBean (names: dispatcherServlet types: org.springframework.web.servlet.DispatcherServlet; SearchStrategy: all) found bean 'dispatcherServlet' (OnBeanCondition)

   EmbeddedWebServerFactoryCustomizerAutoConfiguration matched:
      - @ConditionalOnWebApplication (required) found 'session' scope (OnWebApplicationCondition)
      - @ConditionalOnWarDeployment the application is not deployed as a WAR file. (OnWarDeploymentCondition)

   EmbeddedWebServerFactoryCustomizerAutoConfiguration.TomcatWebServerFactoryCustomizerConfiguration matched:
      - @ConditionalOnClass found required classes 'org.apache.catalina.startup.Tomcat', 'org.apache.coyote.UpgradeProtocol' (OnClassCondition)

   ErrorMvcAutoConfiguration matched:
      - @ConditionalOnClass found required classes 'jakarta.servlet.Servlet', 'org.springframework.web.servlet.DispatcherServlet' (OnClassCondition)
      - found 'session' scope (OnWebApplicationCondition)

   ErrorMvcAutoConfiguration#basicErrorController matched:
      - @ConditionalOnMissingBean (types: org.springframework.boot.web.servlet.error.ErrorController; SearchStrategy: current) did not find any beans (OnBeanCondition)

   ErrorMvcAutoConfiguration#errorAttributes matched:
      - @ConditionalOnMissingBean (types: org.springframework.boot.web.servlet.error.ErrorAttributes; SearchStrategy: current) did not find any beans (OnBeanCondition)

   ErrorMvcAutoConfiguration.DefaultErrorViewResolverConfiguration#conventionErrorViewResolver matched:
      - @ConditionalOnBean (types: org.springframework.web.servlet.DispatcherServlet; SearchStrategy: all) found bean 'dispatcherServlet'; @ConditionalOnMissingBean (types: org.springframework.boot.autoconfigure.web.servlet.error.ErrorViewResolver; SearchStrategy: all) did not find any beans (OnBeanCondition)

   ErrorMvcAutoConfiguration.WhitelabelErrorViewConfiguration matched:
      - @ConditionalOnBooleanProperty (server.error.whitelabel.enabled=true) matched (OnPropertyCondition)
      - ErrorTemplate Missing did not find error template view (ErrorMvcAutoConfiguration.ErrorTemplateMissingCondition)

   ErrorMvcAutoConfiguration.WhitelabelErrorViewConfiguration#beanNameViewResolver matched:
      - @ConditionalOnMissingBean (types: org.springframework.web.servlet.view.BeanNameViewResolver; SearchStrategy: all) did not find any beans (OnBeanCondition)

   ErrorMvcAutoConfiguration.WhitelabelErrorViewConfiguration#defaultErrorView matched:
      - @ConditionalOnMissingBean (names: error; SearchStrategy: all) did not find any beans (OnBeanCondition)

   GenericCacheConfiguration matched:
      - Cache org.springframework.boot.autoconfigure.cache.GenericCacheConfiguration automatic cache type (CacheCondition)

   HibernateJpaAutoConfiguration matched:
      - @ConditionalOnClass found required classes 'org.springframework.orm.jpa.LocalContainerEntityManagerFactoryBean', 'jakarta.persistence.EntityManager', 'org.hibernate.engine.spi.SessionImplementor' (OnClassCondition)

   HibernateJpaConfiguration matched:
      - @ConditionalOnSingleCandidate (types: javax.sql.DataSource; SearchStrategy: all) found a single bean 'dataSource' (OnBeanCondition)

   HttpClientAutoConfiguration matched:
      - @ConditionalOnClass found required class 'org.springframework.http.client.ClientHttpRequestFactory' (OnClassCondition)
      - NoneNestedConditions 0 matched 1 did not; NestedCondition on NotReactiveWebApplicationCondition.ReactiveWebApplication did not find reactive web application classes (NotReactiveWebApplicationCondition)

   HttpClientAutoConfiguration#clientHttpRequestFactoryBuilder matched:
      - @ConditionalOnMissingBean (types: org.springframework.boot.http.client.ClientHttpRequestFactoryBuilder<?>; SearchStrategy: all) did not find any beans (OnBeanCondition)

   HttpClientAutoConfiguration#clientHttpRequestFactorySettings matched:
      - @ConditionalOnMissingBean (types: org.springframework.boot.http.client.ClientHttpRequestFactorySettings; SearchStrategy: all) did not find any beans (OnBeanCondition)

   HttpEncodingAutoConfiguration matched:
      - @ConditionalOnClass found required class 'org.springframework.web.filter.CharacterEncodingFilter' (OnClassCondition)
      - found 'session' scope (OnWebApplicationCondition)
      - @ConditionalOnBooleanProperty (server.servlet.encoding.enabled=true) matched (OnPropertyCondition)

   HttpEncodingAutoConfiguration#characterEncodingFilter matched:
      - @ConditionalOnMissingBean (types: org.springframework.web.filter.CharacterEncodingFilter; SearchStrategy: all) did not find any beans (OnBeanCondition)

   HttpMessageConvertersAutoConfiguration matched:
      - @ConditionalOnClass found required class 'org.springframework.http.converter.HttpMessageConverter' (OnClassCondition)
      - NoneNestedConditions 0 matched 1 did not; NestedCondition on HttpMessageConvertersAutoConfiguration.NotReactiveWebApplicationCondition.ReactiveWebApplication did not find reactive web application classes (HttpMessageConvertersAutoConfiguration.NotReactiveWebApplicationCondition)

   HttpMessageConvertersAutoConfiguration#messageConverters matched:
      - @ConditionalOnMissingBean (types: org.springframework.boot.autoconfigure.http.HttpMessageConverters; SearchStrategy: all) did not find any beans (OnBeanCondition)

   HttpMessageConvertersAutoConfiguration.StringHttpMessageConverterConfiguration matched:
      - @ConditionalOnClass found required class 'org.springframework.http.converter.StringHttpMessageConverter' (OnClassCondition)

   HttpMessageConvertersAutoConfiguration.StringHttpMessageConverterConfiguration#stringHttpMessageConverter matched:
      - @ConditionalOnMissingBean (types: org.springframework.http.converter.StringHttpMessageConverter; SearchStrategy: all) did not find any beans (OnBeanCondition)

   JacksonAutoConfiguration matched:
      - @ConditionalOnClass found required class 'com.fasterxml.jackson.databind.ObjectMapper' (OnClassCondition)

   JacksonAutoConfiguration.Jackson2ObjectMapperBuilderCustomizerConfiguration matched:
      - @ConditionalOnClass found required class 'org.springframework.http.converter.json.Jackson2ObjectMapperBuilder' (OnClassCondition)

   JacksonAutoConfiguration.JacksonObjectMapperBuilderConfiguration matched:
      - @ConditionalOnClass found required class 'org.springframework.http.converter.json.Jackson2ObjectMapperBuilder' (OnClassCondition)

   JacksonAutoConfiguration.JacksonObjectMapperBuilderConfiguration#jacksonObjectMapperBuilder matched:
      - @ConditionalOnMissingBean (types: org.springframework.http.converter.json.Jackson2ObjectMapperBuilder; SearchStrategy: all) did not find any beans (OnBeanCondition)

   JacksonAutoConfiguration.JacksonObjectMapperConfiguration matched:
      - @ConditionalOnClass found required class 'org.springframework.http.converter.json.Jackson2ObjectMapperBuilder' (OnClassCondition)

   JacksonAutoConfiguration.JacksonObjectMapperConfiguration#jacksonObjectMapper matched:
      - @ConditionalOnMissingBean (types: com.fasterxml.jackson.databind.ObjectMapper; SearchStrategy: all) did not find any beans (OnBeanCondition)

   JacksonAutoConfiguration.ParameterNamesModuleConfiguration matched:
      - @ConditionalOnClass found required class 'com.fasterxml.jackson.module.paramnames.ParameterNamesModule' (OnClassCondition)

   JacksonAutoConfiguration.ParameterNamesModuleConfiguration#parameterNamesModule matched:
      - @ConditionalOnMissingBean (types: com.fasterxml.jackson.module.paramnames.ParameterNamesModule; SearchStrategy: all) did not find any beans (OnBeanCondition)

   JacksonHttpMessageConvertersConfiguration.MappingJackson2HttpMessageConverterConfiguration matched:
      - @ConditionalOnClass found required class 'com.fasterxml.jackson.databind.ObjectMapper' (OnClassCondition)
      - @ConditionalOnPreferredJsonMapper JACKSON no property was configured and Jackson is the default (OnPreferredJsonMapperCondition)
      - @ConditionalOnBean (types: com.fasterxml.jackson.databind.ObjectMapper; SearchStrategy: all) found bean 'jacksonObjectMapper' (OnBeanCondition)

   JacksonHttpMessageConvertersConfiguration.MappingJackson2HttpMessageConverterConfiguration#mappingJackson2HttpMessageConverter matched:
      - @ConditionalOnMissingBean (types: org.springframework.http.converter.json.MappingJackson2HttpMessageConverter ignored: ?; SearchStrategy: all) did not find any beans (OnBeanCondition)

   JdbcClientAutoConfiguration matched:
      - @ConditionalOnSingleCandidate (types: org.springframework.jdbc.core.namedparam.NamedParameterJdbcTemplate; SearchStrategy: all) found a single bean 'namedParameterJdbcTemplate'; @ConditionalOnMissingBean (types: org.springframework.jdbc.core.simple.JdbcClient; SearchStrategy: all) did not find any beans (OnBeanCondition)

   JdbcTemplateAutoConfiguration matched:
      - @ConditionalOnClass found required classes 'javax.sql.DataSource', 'org.springframework.jdbc.core.JdbcTemplate' (OnClassCondition)
      - @ConditionalOnSingleCandidate (types: javax.sql.DataSource; SearchStrategy: all) found a single bean 'dataSource' (OnBeanCondition)

   JdbcTemplateConfiguration matched:
      - @ConditionalOnMissingBean (types: org.springframework.jdbc.core.JdbcOperations; SearchStrategy: all) did not find any beans (OnBeanCondition)

   JpaBaseConfiguration#entityManagerFactory matched:
      - @ConditionalOnMissingBean (types: org.springframework.orm.jpa.LocalContainerEntityManagerFactoryBean,jakarta.persistence.EntityManagerFactory; SearchStrategy: all) did not find any beans (OnBeanCondition)

   JpaBaseConfiguration#entityManagerFactoryBuilder matched:
      - @ConditionalOnMissingBean (types: org.springframework.boot.orm.jpa.EntityManagerFactoryBuilder; SearchStrategy: all) did not find any beans (OnBeanCondition)

   JpaBaseConfiguration#jpaVendorAdapter matched:
      - @ConditionalOnMissingBean (types: org.springframework.orm.jpa.JpaVendorAdapter; SearchStrategy: all) did not find any beans (OnBeanCondition)

   JpaBaseConfiguration#transactionManager matched:
      - @ConditionalOnMissingBean (types: org.springframework.transaction.TransactionManager; SearchStrategy: all) did not find any beans (OnBeanCondition)

   JpaBaseConfiguration.JpaWebConfiguration matched:
      - @ConditionalOnClass found required class 'org.springframework.web.servlet.config.annotation.WebMvcConfigurer' (OnClassCondition)
      - found 'session' scope (OnWebApplicationCondition)
      - @ConditionalOnBooleanProperty (spring.jpa.open-in-view=true) matched (OnPropertyCondition)
      - @ConditionalOnMissingBean (types: org.springframework.orm.jpa.support.OpenEntityManagerInViewInterceptor,org.springframework.orm.jpa.support.OpenEntityManagerInViewFilter; SearchStrategy: all) did not find any beans (OnBeanCondition)

   JpaBaseConfiguration.PersistenceManagedTypesConfiguration matched:
      - @ConditionalOnMissingBean (types: org.springframework.orm.jpa.LocalContainerEntityManagerFactoryBean,jakarta.persistence.EntityManagerFactory; SearchStrategy: all) did not find any beans (OnBeanCondition)

   JpaBaseConfiguration.PersistenceManagedTypesConfiguration#persistenceManagedTypes matched:
      - @ConditionalOnMissingBean (types: org.springframework.orm.jpa.persistenceunit.PersistenceManagedTypes; SearchStrategy: all) did not find any beans (OnBeanCondition)

   JpaRepositoriesAutoConfiguration matched:
      - @ConditionalOnClass found required class 'org.springframework.data.jpa.repository.JpaRepository' (OnClassCondition)
      - @ConditionalOnBooleanProperty (spring.data.jpa.repositories.enabled=true) matched (OnPropertyCondition)
      - @ConditionalOnBean (types: javax.sql.DataSource; SearchStrategy: all) found bean 'dataSource'; @ConditionalOnMissingBean (types: org.springframework.data.jpa.repository.support.JpaRepositoryFactoryBean,org.springframework.data.jpa.repository.config.JpaRepositoryConfigExtension; SearchStrategy: all) did not find any beans (OnBeanCondition)

   JtaAutoConfiguration matched:
      - @ConditionalOnClass found required class 'jakarta.transaction.Transaction' (OnClassCondition)
      - @ConditionalOnBooleanProperty (spring.jta.enabled=true) matched (OnPropertyCondition)

   LifecycleAutoConfiguration#defaultLifecycleProcessor matched:
      - @ConditionalOnMissingBean (names: lifecycleProcessor; SearchStrategy: current) did not find any beans (OnBeanCondition)

   LocalDevToolsAutoConfiguration matched:
      - Initialized Restarter Condition available and initialized (OnInitializedRestarterCondition)

   LocalDevToolsAutoConfiguration.LiveReloadConfiguration matched:
      - @ConditionalOnBooleanProperty (spring.devtools.livereload.enabled=true) matched (OnPropertyCondition)

   LocalDevToolsAutoConfiguration.LiveReloadConfiguration#liveReloadServer matched:
      - @ConditionalOnMissingBean (types: org.springframework.boot.devtools.livereload.LiveReloadServer; SearchStrategy: all) did not find any beans (OnBeanCondition)

   LocalDevToolsAutoConfiguration.RestartConfiguration matched:
      - @ConditionalOnBooleanProperty (spring.devtools.restart.enabled=true) matched (OnPropertyCondition)

   LocalDevToolsAutoConfiguration.RestartConfiguration#classPathFileSystemWatcher matched:
      - @ConditionalOnMissingBean (types: org.springframework.boot.devtools.classpath.ClassPathFileSystemWatcher; SearchStrategy: all) did not find any beans (OnBeanCondition)

   LocalDevToolsAutoConfiguration.RestartConfiguration#classPathRestartStrategy matched:
      - @ConditionalOnMissingBean (types: org.springframework.boot.devtools.classpath.ClassPathRestartStrategy; SearchStrategy: all) did not find any beans (OnBeanCondition)

   LocalDevToolsAutoConfiguration.RestartConfiguration#conditionEvaluationDeltaLoggingListener matched:
      - @ConditionalOnBooleanProperty (spring.devtools.restart.log-condition-evaluation-delta=true) matched (OnPropertyCondition)

   MultipartAutoConfiguration matched:
      - @ConditionalOnClass found required classes 'jakarta.servlet.Servlet', 'org.springframework.web.multipart.support.StandardServletMultipartResolver', 'jakarta.servlet.MultipartConfigElement' (OnClassCondition)
      - found 'session' scope (OnWebApplicationCondition)
      - @ConditionalOnBooleanProperty (spring.servlet.multipart.enabled=true) matched (OnPropertyCondition)

   MultipartAutoConfiguration#multipartConfigElement matched:
      - @ConditionalOnMissingBean (types: jakarta.servlet.MultipartConfigElement; SearchStrategy: all) did not find any beans (OnBeanCondition)

   MultipartAutoConfiguration#multipartResolver matched:
      - @ConditionalOnMissingBean (types: org.springframework.web.multipart.MultipartResolver; SearchStrategy: all) did not find any beans (OnBeanCondition)

   NamedParameterJdbcTemplateConfiguration matched:
      - @ConditionalOnSingleCandidate (types: org.springframework.jdbc.core.JdbcTemplate; SearchStrategy: all) found a single bean 'jdbcTemplate'; @ConditionalOnMissingBean (types: org.springframework.jdbc.core.namedparam.NamedParameterJdbcOperations; SearchStrategy: all) did not find any beans (OnBeanCondition)

   NoOpCacheConfiguration matched:
      - Cache org.springframework.boot.autoconfigure.cache.NoOpCacheConfiguration automatic cache type (CacheCondition)

   PersistenceExceptionTranslationAutoConfiguration matched:
      - @ConditionalOnClass found required class 'org.springframework.dao.annotation.PersistenceExceptionTranslationPostProcessor' (OnClassCondition)

   PersistenceExceptionTranslationAutoConfiguration#persistenceExceptionTranslationPostProcessor matched:
      - @ConditionalOnBooleanProperty (spring.dao.exceptiontranslation.enabled=true) matched (OnPropertyCondition)
      - @ConditionalOnMissingBean (types: org.springframework.dao.annotation.PersistenceExceptionTranslationPostProcessor; SearchStrategy: all) did not find any beans (OnBeanCondition)

   PropertyPlaceholderAutoConfiguration#propertySourcesPlaceholderConfigurer matched:
      - @ConditionalOnMissingBean (types: org.springframework.context.support.PropertySourcesPlaceholderConfigurer; SearchStrategy: current) did not find any beans (OnBeanCondition)

   RestClientAutoConfiguration matched:
      - @ConditionalOnClass found required class 'org.springframework.web.client.RestClient' (OnClassCondition)
      - AnyNestedCondition 1 matched 1 did not; NestedCondition on NotReactiveWebApplicationOrVirtualThreadsExecutorEnabledCondition.VirtualThreadsExecutorEnabled found non-matching nested conditions @ConditionalOnThreading did not find VIRTUAL; NestedCondition on NotReactiveWebApplicationOrVirtualThreadsExecutorEnabledCondition.NotReactiveWebApplication NoneNestedConditions 0 matched 1 did not; NestedCondition on NotReactiveWebApplicationCondition.ReactiveWebApplication did not find reactive web application classes (NotReactiveWebApplicationOrVirtualThreadsExecutorEnabledCondition)

   RestClientAutoConfiguration#httpMessageConvertersRestClientCustomizer matched:
      - @ConditionalOnMissingBean (types: org.springframework.boot.autoconfigure.web.client.HttpMessageConvertersRestClientCustomizer; SearchStrategy: all) did not find any beans (OnBeanCondition)

   RestClientAutoConfiguration#restClientBuilder matched:
      - @ConditionalOnMissingBean (types: org.springframework.web.client.RestClient$Builder; SearchStrategy: all) did not find any beans (OnBeanCondition)

   RestClientAutoConfiguration#restClientBuilderConfigurer matched:
      - @ConditionalOnMissingBean (types: org.springframework.boot.autoconfigure.web.client.RestClientBuilderConfigurer; SearchStrategy: all) did not find any beans (OnBeanCondition)

   RestClientAutoConfiguration#restClientSsl matched:
      - @ConditionalOnBean (types: org.springframework.boot.ssl.SslBundles; SearchStrategy: all) found bean 'sslBundleRegistry'; @ConditionalOnMissingBean (types: org.springframework.boot.autoconfigure.web.client.RestClientSsl; SearchStrategy: all) did not find any beans (OnBeanCondition)

   RestTemplateAutoConfiguration matched:
      - @ConditionalOnClass found required class 'org.springframework.web.client.RestTemplate' (OnClassCondition)
      - NoneNestedConditions 0 matched 1 did not; NestedCondition on NotReactiveWebApplicationCondition.ReactiveWebApplication did not find reactive web application classes (NotReactiveWebApplicationCondition)

   RestTemplateAutoConfiguration#restTemplateBuilder matched:
      - @ConditionalOnMissingBean (types: org.springframework.boot.web.client.RestTemplateBuilder; SearchStrategy: all) did not find any beans (OnBeanCondition)

   ServletWebServerFactoryAutoConfiguration matched:
      - @ConditionalOnClass found required class 'jakarta.servlet.ServletRequest' (OnClassCondition)
      - found 'session' scope (OnWebApplicationCondition)

   ServletWebServerFactoryAutoConfiguration.TomcatConfiguration matched:
      - @ConditionalOnClass found required class 'org.apache.catalina.startup.Tomcat' (OnClassCondition)

   ServletWebServerFactoryConfiguration.EmbeddedTomcat matched:
      - @ConditionalOnClass found required classes 'jakarta.servlet.Servlet', 'org.apache.catalina.startup.Tomcat', 'org.apache.coyote.UpgradeProtocol' (OnClassCondition)
      - @ConditionalOnMissingBean (types: org.springframework.boot.web.servlet.server.ServletWebServerFactory; SearchStrategy: current) did not find any beans (OnBeanCondition)

   SimpleCacheConfiguration matched:
      - Cache org.springframework.boot.autoconfigure.cache.SimpleCacheConfiguration automatic cache type (CacheCondition)

   SpringDataWebAutoConfiguration matched:
      - @ConditionalOnClass found required classes 'org.springframework.data.web.PageableHandlerMethodArgumentResolver', 'org.springframework.web.servlet.config.annotation.WebMvcConfigurer' (OnClassCondition)
      - found 'session' scope (OnWebApplicationCondition)
      - @ConditionalOnMissingBean (types: org.springframework.data.web.PageableHandlerMethodArgumentResolver; SearchStrategy: all) did not find any beans (OnBeanCondition)

   SpringDataWebAutoConfiguration#pageableCustomizer matched:
      - @ConditionalOnMissingBean (types: org.springframework.data.web.config.PageableHandlerMethodArgumentResolverCustomizer; SearchStrategy: all) did not find any beans (OnBeanCondition)

   SpringDataWebAutoConfiguration#sortCustomizer matched:
      - @ConditionalOnMissingBean (types: org.springframework.data.web.config.SortHandlerMethodArgumentResolverCustomizer; SearchStrategy: all) did not find any beans (OnBeanCondition)

   SpringDataWebAutoConfiguration#springDataWebSettings matched:
      - @ConditionalOnMissingBean (types: org.springframework.data.web.config.SpringDataWebSettings; SearchStrategy: all) did not find any beans (OnBeanCondition)

   SqlInitializationAutoConfiguration matched:
      - @ConditionalOnBooleanProperty (spring.sql.init.enabled=true) matched (OnPropertyCondition)
      - NoneNestedConditions 0 matched 1 did not; NestedCondition on SqlInitializationAutoConfiguration.SqlInitializationModeCondition.ModeIsNever @ConditionalOnProperty (spring.sql.init.mode=never) did not find property 'spring.sql.init.mode' (SqlInitializationAutoConfiguration.SqlInitializationModeCondition)

   SslAutoConfiguration#sslBundleRegistry matched:
      - @ConditionalOnMissingBean (types: org.springframework.boot.ssl.SslBundleRegistry,org.springframework.boot.ssl.SslBundles; SearchStrategy: all) did not find any beans (OnBeanCondition)

   TaskExecutionAutoConfiguration matched:
      - @ConditionalOnClass found required class 'org.springframework.scheduling.concurrent.ThreadPoolTaskExecutor' (OnClassCondition)

   TaskExecutorConfigurations.AsyncConfigurerConfiguration matched:
      - @ConditionalOnMissingBean (types: org.springframework.scheduling.annotation.AsyncConfigurer; SearchStrategy: all) did not find any beans (OnBeanCondition)

   TaskExecutorConfigurations.AsyncConfigurerConfiguration#applicationTaskExecutorAsyncConfigurer matched:
      - @ConditionalOnMissingBean (types: org.springframework.scheduling.annotation.AsyncConfigurer; SearchStrategy: all) did not find any beans (OnBeanCondition)

   TaskExecutorConfigurations.SimpleAsyncTaskExecutorBuilderConfiguration#simpleAsyncTaskExecutorBuilder matched:
      - @ConditionalOnMissingBean (types: org.springframework.boot.task.SimpleAsyncTaskExecutorBuilder; SearchStrategy: all) did not find any beans (OnBeanCondition)
      - @ConditionalOnThreading found PLATFORM (OnThreadingCondition)

   TaskExecutorConfigurations.TaskExecutorConfiguration matched:
      - AnyNestedCondition 1 matched 1 did not; NestedCondition on TaskExecutorConfigurations.OnExecutorCondition.ModelCondition @ConditionalOnProperty (spring.task.execution.mode=force) did not find property 'spring.task.execution.mode'; NestedCondition on TaskExecutorConfigurations.OnExecutorCondition.ExecutorBeanCondition @ConditionalOnMissingBean (types: java.util.concurrent.Executor; SearchStrategy: all) did not find any beans (TaskExecutorConfigurations.OnExecutorCondition)

   TaskExecutorConfigurations.TaskExecutorConfiguration#applicationTaskExecutor matched:
      - @ConditionalOnThreading found PLATFORM (OnThreadingCondition)

   TaskExecutorConfigurations.ThreadPoolTaskExecutorBuilderConfiguration#threadPoolTaskExecutorBuilder matched:
      - @ConditionalOnMissingBean (types: org.springframework.boot.task.ThreadPoolTaskExecutorBuilder; SearchStrategy: all) did not find any beans (OnBeanCondition)

   TaskSchedulingAutoConfiguration matched:
      - @ConditionalOnClass found required class 'org.springframework.scheduling.concurrent.ThreadPoolTaskScheduler' (OnClassCondition)

   TaskSchedulingConfigurations.SimpleAsyncTaskSchedulerBuilderConfiguration#simpleAsyncTaskSchedulerBuilder matched:
      - @ConditionalOnMissingBean (types: org.springframework.boot.task.SimpleAsyncTaskSchedulerBuilder; SearchStrategy: all) did not find any beans (OnBeanCondition)
      - @ConditionalOnThreading found PLATFORM (OnThreadingCondition)

   TaskSchedulingConfigurations.ThreadPoolTaskSchedulerBuilderConfiguration#threadPoolTaskSchedulerBuilder matched:
      - @ConditionalOnMissingBean (types: org.springframework.boot.task.ThreadPoolTaskSchedulerBuilder; SearchStrategy: all) did not find any beans (OnBeanCondition)

   TemplateEngineConfigurations.DefaultTemplateEngineConfiguration#templateEngine matched:
      - @ConditionalOnMissingBean (types: org.thymeleaf.spring6.ISpringTemplateEngine; SearchStrategy: all) did not find any beans (OnBeanCondition)

   ThymeleafAutoConfiguration matched:
      - @ConditionalOnClass found required classes 'org.thymeleaf.templatemode.TemplateMode', 'org.thymeleaf.spring6.SpringTemplateEngine' (OnClassCondition)

   ThymeleafAutoConfiguration.DefaultTemplateResolverConfiguration matched:
      - @ConditionalOnMissingBean (names: defaultTemplateResolver; SearchStrategy: all) did not find any beans (OnBeanCondition)

   ThymeleafAutoConfiguration.ThymeleafWebMvcConfiguration matched:
      - found 'session' scope (OnWebApplicationCondition)
      - @ConditionalOnBooleanProperty (spring.thymeleaf.enabled=true) matched (OnPropertyCondition)

   ThymeleafAutoConfiguration.ThymeleafWebMvcConfiguration.ThymeleafViewResolverConfiguration matched:
      - @ConditionalOnClass found required class 'org.springframework.web.servlet.view.AbstractCachingViewResolver' (OnClassCondition)

   ThymeleafAutoConfiguration.ThymeleafWebMvcConfiguration.ThymeleafViewResolverConfiguration#thymeleafViewResolver matched:
      - @ConditionalOnMissingBean (names: thymeleafViewResolver; SearchStrategy: all) did not find any beans (OnBeanCondition)

   TransactionAutoConfiguration matched:
      - @ConditionalOnClass found required class 'org.springframework.transaction.PlatformTransactionManager' (OnClassCondition)

   TransactionAutoConfiguration.EnableTransactionManagementConfiguration matched:
      - @ConditionalOnBean (types: org.springframework.transaction.TransactionManager; SearchStrategy: all) found bean 'transactionManager'; @ConditionalOnMissingBean (types: org.springframework.transaction.annotation.AbstractTransactionManagementConfiguration; SearchStrategy: all) did not find any beans (OnBeanCondition)

   TransactionAutoConfiguration.EnableTransactionManagementConfiguration.CglibAutoProxyConfiguration matched:
      - @ConditionalOnBooleanProperty (spring.aop.proxy-target-class=true) matched (OnPropertyCondition)

   TransactionAutoConfiguration.TransactionTemplateConfiguration matched:
      - @ConditionalOnSingleCandidate (types: org.springframework.transaction.PlatformTransactionManager; SearchStrategy: all) found a single bean 'transactionManager' (OnBeanCondition)

   TransactionAutoConfiguration.TransactionTemplateConfiguration#transactionTemplate matched:
      - @ConditionalOnMissingBean (types: org.springframework.transaction.support.TransactionOperations; SearchStrategy: all) did not find any beans (OnBeanCondition)

   TransactionManagerCustomizationAutoConfiguration matched:
      - @ConditionalOnClass found required class 'org.springframework.transaction.PlatformTransactionManager' (OnClassCondition)

   TransactionManagerCustomizationAutoConfiguration#platformTransactionManagerCustomizers matched:
      - @ConditionalOnMissingBean (types: org.springframework.boot.autoconfigure.transaction.TransactionManagerCustomizers; SearchStrategy: all) did not find any beans (OnBeanCondition)

   WebMvcAutoConfiguration matched:
      - @ConditionalOnClass found required classes 'jakarta.servlet.Servlet', 'org.springframework.web.servlet.DispatcherServlet', 'org.springframework.web.servlet.config.annotation.WebMvcConfigurer' (OnClassCondition)
      - found 'session' scope (OnWebApplicationCondition)
      - @ConditionalOnMissingBean (types: org.springframework.web.servlet.config.annotation.WebMvcConfigurationSupport; SearchStrategy: all) did not find any beans (OnBeanCondition)

   WebMvcAutoConfiguration#formContentFilter matched:
      - @ConditionalOnBooleanProperty (spring.mvc.formcontent.filter.enabled=true) matched (OnPropertyCondition)
      - @ConditionalOnMissingBean (types: org.springframework.web.filter.FormContentFilter; SearchStrategy: all) did not find any beans (OnBeanCondition)

   WebMvcAutoConfiguration.EnableWebMvcConfiguration#flashMapManager matched:
      - @ConditionalOnMissingBean (names: flashMapManager; SearchStrategy: all) did not find any beans (OnBeanCondition)

   WebMvcAutoConfiguration.EnableWebMvcConfiguration#localeResolver matched:
      - @ConditionalOnMissingBean (names: localeResolver; SearchStrategy: all) did not find any beans (OnBeanCondition)

   WebMvcAutoConfiguration.EnableWebMvcConfiguration#themeResolver matched:
      - @ConditionalOnMissingBean (names: themeResolver; SearchStrategy: all) did not find any beans (OnBeanCondition)

   WebMvcAutoConfiguration.EnableWebMvcConfiguration#viewNameTranslator matched:
      - @ConditionalOnMissingBean (names: viewNameTranslator; SearchStrategy: all) did not find any beans (OnBeanCondition)

   WebMvcAutoConfiguration.WebMvcAutoConfigurationAdapter#defaultViewResolver matched:
      - @ConditionalOnMissingBean (types: org.springframework.web.servlet.view.InternalResourceViewResolver; SearchStrategy: all) did not find any beans (OnBeanCondition)

   WebMvcAutoConfiguration.WebMvcAutoConfigurationAdapter#requestContextFilter matched:
      - @ConditionalOnMissingBean (types: org.springframework.web.context.request.RequestContextListener,org.springframework.web.filter.RequestContextFilter; SearchStrategy: all) did not find any beans (OnBeanCondition)

   WebMvcAutoConfiguration.WebMvcAutoConfigurationAdapter#viewResolver matched:
      - @ConditionalOnBean (types: org.springframework.web.servlet.ViewResolver; SearchStrategy: all) found beans 'defaultViewResolver', 'beanNameViewResolver', 'mvcViewResolver'; @ConditionalOnMissingBean (names: viewResolver types: org.springframework.web.servlet.view.ContentNegotiatingViewResolver; SearchStrategy: all) did not find any beans (OnBeanCondition)

   WebSocketServletAutoConfiguration matched:
      - @ConditionalOnClass found required classes 'jakarta.servlet.Servlet', 'jakarta.websocket.server.ServerContainer' (OnClassCondition)
      - found 'session' scope (OnWebApplicationCondition)

   WebSocketServletAutoConfiguration.TomcatWebSocketConfiguration matched:
      - @ConditionalOnClass found required classes 'org.apache.catalina.startup.Tomcat', 'org.apache.tomcat.websocket.server.WsSci' (OnClassCondition)

   WebSocketServletAutoConfiguration.TomcatWebSocketConfiguration#websocketServletWebServerCustomizer matched:
      - @ConditionalOnMissingBean (names: websocketServletWebServerCustomizer; SearchStrategy: all) did not find any beans (OnBeanCondition)


Negative matches:
-----------------

   ActiveMQAutoConfiguration:
      Did not match:
         - @ConditionalOnClass did not find required class 'jakarta.jms.ConnectionFactory' (OnClassCondition)

   AopAutoConfiguration.AspectJAutoProxyingConfiguration.JdkDynamicAutoProxyConfiguration:
      Did not match:
         - @ConditionalOnBooleanProperty (spring.aop.proxy-target-class=false) did not find property 'spring.aop.proxy-target-class' (OnPropertyCondition)

   AopAutoConfiguration.ClassProxyingConfiguration:
      Did not match:
         - @ConditionalOnMissingClass found unwanted class 'org.aspectj.weaver.Advice' (OnClassCondition)

   ArtemisAutoConfiguration:
      Did not match:
         - @ConditionalOnClass did not find required class 'jakarta.jms.ConnectionFactory' (OnClassCondition)

   BatchAutoConfiguration:
      Did not match:
         - @ConditionalOnClass did not find required class 'org.springframework.batch.core.launch.JobLauncher' (OnClassCondition)

   Cache2kCacheConfiguration:
      Did not match:
         - @ConditionalOnClass did not find required class 'org.cache2k.Cache2kBuilder' (OnClassCondition)

   CacheAutoConfiguration:
      Did not match:
         - @ConditionalOnBean (types: org.springframework.cache.interceptor.CacheAspectSupport; SearchStrategy: all) did not find any beans of type org.springframework.cache.interceptor.CacheAspectSupport (OnBeanCondition)
      Matched:
         - @ConditionalOnClass found required class 'org.springframework.cache.CacheManager' (OnClassCondition)

   CacheAutoConfiguration.CacheManagerEntityManagerFactoryDependsOnPostProcessor:
      Did not match:
         - Ancestor org.springframework.boot.autoconfigure.cache.CacheAutoConfiguration did not match (ConditionEvaluationReport.AncestorsMatchedCondition)
      Matched:
         - @ConditionalOnClass found required class 'org.springframework.orm.jpa.LocalContainerEntityManagerFactoryBean' (OnClassCondition)

   CaffeineCacheConfiguration:
      Did not match:
         - @ConditionalOnClass did not find required class 'com.github.benmanes.caffeine.cache.Caffeine' (OnClassCondition)

   CassandraAutoConfiguration:
      Did not match:
         - @ConditionalOnClass did not find required class 'com.datastax.oss.driver.api.core.CqlSession' (OnClassCondition)

   CassandraDataAutoConfiguration:
      Did not match:
         - @ConditionalOnClass did not find required class 'com.datastax.oss.driver.api.core.CqlSession' (OnClassCondition)

   CassandraReactiveDataAutoConfiguration:
      Did not match:
         - @ConditionalOnClass did not find required class 'com.datastax.oss.driver.api.core.CqlSession' (OnClassCondition)

   CassandraReactiveRepositoriesAutoConfiguration:
      Did not match:
         - @ConditionalOnClass did not find required class 'org.springframework.data.cassandra.ReactiveSession' (OnClassCondition)

   CassandraRepositoriesAutoConfiguration:
      Did not match:
         - @ConditionalOnClass did not find required class 'com.datastax.oss.driver.api.core.CqlSession' (OnClassCondition)

   org.springframework.boot.autoconfigure.http.client.reactive.ClientHttpConnectorAutoConfiguration:
      Did not match:
         - @ConditionalOnClass did not find required class 'reactor.core.publisher.Mono' (OnClassCondition)

   org.springframework.boot.autoconfigure.web.reactive.function.client.ClientHttpConnectorAutoConfiguration:
      Did not match:
         - @ConditionalOnClass did not find required class 'org.springframework.web.reactive.function.client.WebClient' (OnClassCondition)

   CodecsAutoConfiguration:
      Did not match:
         - @ConditionalOnClass did not find required class 'org.springframework.web.reactive.function.client.WebClient' (OnClassCondition)

   CouchbaseAutoConfiguration:
      Did not match:
         - @ConditionalOnClass did not find required class 'com.couchbase.client.java.Cluster' (OnClassCondition)

   CouchbaseCacheConfiguration:
      Did not match:
         - @ConditionalOnClass did not find required class 'com.couchbase.client.java.Cluster' (OnClassCondition)

   CouchbaseDataAutoConfiguration:
      Did not match:
         - @ConditionalOnClass did not find required class 'com.couchbase.client.java.Bucket' (OnClassCondition)

   CouchbaseReactiveDataAutoConfiguration:
      Did not match:
         - @ConditionalOnClass did not find required class 'com.couchbase.client.java.Cluster' (OnClassCondition)

   CouchbaseReactiveRepositoriesAutoConfiguration:
      Did not match:
         - @ConditionalOnClass did not find required class 'com.couchbase.client.java.Cluster' (OnClassCondition)

   CouchbaseRepositoriesAutoConfiguration:
      Did not match:
         - @ConditionalOnClass did not find required class 'com.couchbase.client.java.Bucket' (OnClassCondition)

   DataSourceAutoConfiguration.EmbeddedDatabaseConfiguration:
      Did not match:
         - EmbeddedDataSource spring.datasource.url is set (DataSourceAutoConfiguration.EmbeddedDatabaseCondition)

   DataSourceCheckpointRestoreConfiguration:
      Did not match:
         - @ConditionalOnClass did not find required class 'org.crac.Resource' (OnClassCondition)

   DataSourceConfiguration.Dbcp2:
      Did not match:
         - @ConditionalOnClass did not find required class 'org.apache.commons.dbcp2.BasicDataSource' (OnClassCondition)

   DataSourceConfiguration.Generic:
      Did not match:
         - @ConditionalOnProperty (spring.datasource.type) did not find property 'spring.datasource.type' (OnPropertyCondition)

   DataSourceConfiguration.OracleUcp:
      Did not match:
         - @ConditionalOnClass did not find required classes 'oracle.ucp.jdbc.PoolDataSourceImpl', 'oracle.jdbc.OracleConnection' (OnClassCondition)

   DataSourceConfiguration.Tomcat:
      Did not match:
         - @ConditionalOnClass did not find required class 'org.apache.tomcat.jdbc.pool.DataSource' (OnClassCondition)

   DataSourceJmxConfiguration:
      Did not match:
         - @ConditionalOnBooleanProperty (spring.jmx.enabled=true) did not find property 'spring.jmx.enabled' (OnPropertyCondition)

   DataSourcePoolMetadataProvidersConfiguration.CommonsDbcp2PoolDataSourceMetadataProviderConfiguration:
      Did not match:
         - @ConditionalOnClass did not find required class 'org.apache.commons.dbcp2.BasicDataSource' (OnClassCondition)

   DataSourcePoolMetadataProvidersConfiguration.OracleUcpPoolDataSourceMetadataProviderConfiguration:
      Did not match:
         - @ConditionalOnClass did not find required classes 'oracle.ucp.jdbc.PoolDataSource', 'oracle.jdbc.OracleConnection' (OnClassCondition)

   DataSourcePoolMetadataProvidersConfiguration.TomcatDataSourcePoolMetadataProviderConfiguration:
      Did not match:
         - @ConditionalOnClass did not find required class 'org.apache.tomcat.jdbc.pool.DataSource' (OnClassCondition)

   DataSourceTransactionManagerAutoConfiguration.JdbcTransactionManagerConfiguration#transactionManager:
      Did not match:
         - @ConditionalOnMissingBean (types: org.springframework.transaction.TransactionManager; SearchStrategy: all) found beans of type 'org.springframework.transaction.TransactionManager' transactionManager (OnBeanCondition)

   DevToolsR2dbcAutoConfiguration:
      Did not match:
         - @ConditionalOnClass did not find required class 'io.r2dbc.spi.ConnectionFactory' (OnClassCondition)

   DispatcherServletAutoConfiguration.DispatcherServletConfiguration#multipartResolver:
      Did not match:
         - @ConditionalOnBean (types: org.springframework.web.multipart.MultipartResolver; SearchStrategy: all) did not find any beans of type org.springframework.web.multipart.MultipartResolver (OnBeanCondition)

   ElasticsearchClientAutoConfiguration:
      Did not match:
         - @ConditionalOnClass did not find required class 'co.elastic.clients.elasticsearch.ElasticsearchClient' (OnClassCondition)

   ElasticsearchDataAutoConfiguration:
      Did not match:
         - @ConditionalOnClass did not find required class 'org.springframework.data.elasticsearch.client.elc.ElasticsearchTemplate' (OnClassCondition)

   ElasticsearchRepositoriesAutoConfiguration:
      Did not match:
         - @ConditionalOnClass did not find required class 'org.springframework.data.elasticsearch.repository.ElasticsearchRepository' (OnClassCondition)

   ElasticsearchRestClientAutoConfiguration:
      Did not match:
         - @ConditionalOnClass did not find required class 'org.elasticsearch.client.RestClientBuilder' (OnClassCondition)

   EmbeddedLdapAutoConfiguration:
      Did not match:
         - @ConditionalOnClass did not find required class 'com.unboundid.ldap.listener.InMemoryDirectoryServer' (OnClassCondition)

   EmbeddedWebServerFactoryCustomizerAutoConfiguration.JettyWebServerFactoryCustomizerConfiguration:
      Did not match:
         - @ConditionalOnClass did not find required classes 'org.eclipse.jetty.server.Server', 'org.eclipse.jetty.util.Loader', 'org.eclipse.jetty.ee10.webapp.WebAppContext' (OnClassCondition)

   EmbeddedWebServerFactoryCustomizerAutoConfiguration.NettyWebServerFactoryCustomizerConfiguration:
      Did not match:
         - @ConditionalOnClass did not find required class 'reactor.netty.http.server.HttpServer' (OnClassCondition)

   EmbeddedWebServerFactoryCustomizerAutoConfiguration.TomcatWebServerFactoryCustomizerConfiguration#tomcatVirtualThreadsProtocolHandlerCustomizer:
      Did not match:
         - @ConditionalOnThreading did not find VIRTUAL (OnThreadingCondition)

   EmbeddedWebServerFactoryCustomizerAutoConfiguration.UndertowWebServerFactoryCustomizerConfiguration:
      Did not match:
         - @ConditionalOnClass did not find required classes 'io.undertow.Undertow', 'org.xnio.SslClientAuthMode' (OnClassCondition)

   ErrorWebFluxAutoConfiguration:
      Did not match:
         - @ConditionalOnClass did not find required class 'org.springframework.web.reactive.config.WebFluxConfigurer' (OnClassCondition)

   FlywayAutoConfiguration:
      Did not match:
         - @ConditionalOnClass did not find required class 'org.flywaydb.core.Flyway' (OnClassCondition)

   FreeMarkerAutoConfiguration:
      Did not match:
         - @ConditionalOnClass did not find required class 'freemarker.template.Configuration' (OnClassCondition)

   GraphQlAutoConfiguration:
      Did not match:
         - @ConditionalOnClass did not find required class 'graphql.GraphQL' (OnClassCondition)

   GraphQlQueryByExampleAutoConfiguration:
      Did not match:
         - @ConditionalOnClass did not find required class 'graphql.GraphQL' (OnClassCondition)

   GraphQlQuerydslAutoConfiguration:
      Did not match:
         - @ConditionalOnClass did not find required class 'com.querydsl.core.Query' (OnClassCondition)

   GraphQlRSocketAutoConfiguration:
      Did not match:
         - @ConditionalOnClass did not find required class 'graphql.GraphQL' (OnClassCondition)

   GraphQlReactiveQueryByExampleAutoConfiguration:
      Did not match:
         - @ConditionalOnClass did not find required class 'graphql.GraphQL' (OnClassCondition)

   GraphQlReactiveQuerydslAutoConfiguration:
      Did not match:
         - @ConditionalOnClass did not find required class 'com.querydsl.core.Query' (OnClassCondition)

   GraphQlWebFluxAutoConfiguration:
      Did not match:
         - @ConditionalOnClass did not find required class 'graphql.GraphQL' (OnClassCondition)

   GraphQlWebFluxSecurityAutoConfiguration:
      Did not match:
         - @ConditionalOnClass did not find required class 'graphql.GraphQL' (OnClassCondition)

   GraphQlWebMvcAutoConfiguration:
      Did not match:
         - @ConditionalOnClass did not find required class 'graphql.GraphQL' (OnClassCondition)

   GraphQlWebMvcSecurityAutoConfiguration:
      Did not match:
         - @ConditionalOnClass did not find required class 'graphql.GraphQL' (OnClassCondition)

   GroovyTemplateAutoConfiguration:
      Did not match:
         - @ConditionalOnClass did not find required class 'groovy.text.markup.MarkupTemplateEngine' (OnClassCondition)

   GsonAutoConfiguration:
      Did not match:
         - @ConditionalOnClass did not find required class 'com.google.gson.Gson' (OnClassCondition)

   GsonHttpMessageConvertersConfiguration:
      Did not match:
         - @ConditionalOnClass did not find required class 'com.google.gson.Gson' (OnClassCondition)

   H2ConsoleAutoConfiguration:
      Did not match:
         - @ConditionalOnClass did not find required class 'org.h2.server.web.JakartaWebServlet' (OnClassCondition)

   HazelcastAutoConfiguration:
      Did not match:
         - @ConditionalOnClass did not find required class 'com.hazelcast.core.HazelcastInstance' (OnClassCondition)

   HazelcastCacheConfiguration:
      Did not match:
         - @ConditionalOnClass did not find required class 'com.hazelcast.core.HazelcastInstance' (OnClassCondition)

   HazelcastJpaDependencyAutoConfiguration:
      Did not match:
         - @ConditionalOnClass did not find required class 'com.hazelcast.core.HazelcastInstance' (OnClassCondition)

   HttpHandlerAutoConfiguration:
      Did not match:
         - @ConditionalOnClass did not find required class 'org.springframework.web.reactive.DispatcherHandler' (OnClassCondition)

   HypermediaAutoConfiguration:
      Did not match:
         - @ConditionalOnClass did not find required class 'org.springframework.hateoas.EntityModel' (OnClassCondition)

   InfinispanCacheConfiguration:
      Did not match:
         - @ConditionalOnClass did not find required class 'org.infinispan.spring.embedded.provider.SpringEmbeddedCacheManager' (OnClassCondition)

   IntegrationAutoConfiguration:
      Did not match:
         - @ConditionalOnClass did not find required class 'org.springframework.integration.config.EnableIntegration' (OnClassCondition)

   JCacheCacheConfiguration:
      Did not match:
         - @ConditionalOnClass did not find required class 'javax.cache.Caching' (OnClassCondition)

   JacksonHttpMessageConvertersConfiguration.MappingJackson2XmlHttpMessageConverterConfiguration:
      Did not match:
         - @ConditionalOnClass did not find required class 'com.fasterxml.jackson.dataformat.xml.XmlMapper' (OnClassCondition)

   JdbcRepositoriesAutoConfiguration:
      Did not match:
         - @ConditionalOnClass did not find required class 'org.springframework.data.jdbc.repository.config.AbstractJdbcConfiguration' (OnClassCondition)

   JerseyAutoConfiguration:
      Did not match:
         - @ConditionalOnClass did not find required class 'org.glassfish.jersey.server.spring.SpringComponentProvider' (OnClassCondition)

   JmsAutoConfiguration:
      Did not match:
         - @ConditionalOnClass did not find required class 'jakarta.jms.Message' (OnClassCondition)

   JmxAutoConfiguration:
      Did not match:
         - @ConditionalOnBooleanProperty (spring.jmx.enabled=true) did not find property 'spring.jmx.enabled' (OnPropertyCondition)
      Matched:
         - @ConditionalOnClass found required class 'org.springframework.jmx.export.MBeanExporter' (OnClassCondition)

   JndiConnectionFactoryAutoConfiguration:
      Did not match:
         - @ConditionalOnClass did not find required class 'org.springframework.jms.core.JmsTemplate' (OnClassCondition)

   JndiDataSourceAutoConfiguration:
      Did not match:
         - @ConditionalOnProperty (spring.datasource.jndi-name) did not find property 'spring.datasource.jndi-name' (OnPropertyCondition)
      Matched:
         - @ConditionalOnClass found required classes 'javax.sql.DataSource', 'org.springframework.jdbc.datasource.embedded.EmbeddedDatabaseType' (OnClassCondition)

   JndiJtaConfiguration:
      Did not match:
         - @ConditionalOnJndi JNDI environment is not available (OnJndiCondition)
      Matched:
         - @ConditionalOnClass found required class 'org.springframework.transaction.jta.JtaTransactionManager' (OnClassCondition)

   JooqAutoConfiguration:
      Did not match:
         - @ConditionalOnClass did not find required class 'org.jooq.DSLContext' (OnClassCondition)

   JpaRepositoriesAutoConfiguration#entityManagerFactoryBootstrapExecutorCustomizer:
      Did not match:
         - AnyNestedCondition 0 matched 2 did not; NestedCondition on JpaRepositoriesAutoConfiguration.BootstrapExecutorCondition.LazyBootstrapMode @ConditionalOnProperty (spring.data.jpa.repositories.bootstrap-mode=lazy) did not find property 'spring.data.jpa.repositories.bootstrap-mode'; NestedCondition on JpaRepositoriesAutoConfiguration.BootstrapExecutorCondition.DeferredBootstrapMode @ConditionalOnProperty (spring.data.jpa.repositories.bootstrap-mode=deferred) did not find property 'spring.data.jpa.repositories.bootstrap-mode' (JpaRepositoriesAutoConfiguration.BootstrapExecutorCondition)

   JsonbAutoConfiguration:
      Did not match:
         - @ConditionalOnClass did not find required class 'jakarta.json.bind.Jsonb' (OnClassCondition)

   JsonbHttpMessageConvertersConfiguration:
      Did not match:
         - @ConditionalOnClass did not find required class 'jakarta.json.bind.Jsonb' (OnClassCondition)

   KafkaAutoConfiguration:
      Did not match:
         - @ConditionalOnClass did not find required class 'org.springframework.kafka.core.KafkaTemplate' (OnClassCondition)

   LdapAutoConfiguration:
      Did not match:
         - @ConditionalOnClass did not find required class 'org.springframework.ldap.core.ContextSource' (OnClassCondition)

   LdapRepositoriesAutoConfiguration:
      Did not match:
         - @ConditionalOnClass did not find required class 'org.springframework.data.ldap.repository.LdapRepository' (OnClassCondition)

   LiquibaseAutoConfiguration:
      Did not match:
         - @ConditionalOnClass did not find required class 'liquibase.change.DatabaseChange' (OnClassCondition)

   MailSenderAutoConfiguration:
      Did not match:
         - @ConditionalOnClass did not find required class 'jakarta.mail.internet.MimeMessage' (OnClassCondition)

   MailSenderValidatorAutoConfiguration:
      Did not match:
         - @ConditionalOnSingleCandidate did not find required type 'org.springframework.mail.javamail.JavaMailSenderImpl' (OnBeanCondition)

   MessageSourceAutoConfiguration:
      Did not match:
         - ResourceBundle did not find bundle with basename messages (MessageSourceAutoConfiguration.ResourceBundleCondition)

   MongoAutoConfiguration:
      Did not match:
         - @ConditionalOnClass did not find required class 'com.mongodb.client.MongoClient' (OnClassCondition)

   MongoDataAutoConfiguration:
      Did not match:
         - @ConditionalOnClass did not find required class 'com.mongodb.client.MongoClient' (OnClassCondition)

   MongoReactiveAutoConfiguration:
      Did not match:
         - @ConditionalOnClass did not find required class 'com.mongodb.reactivestreams.client.MongoClient' (OnClassCondition)

   MongoReactiveDataAutoConfiguration:
      Did not match:
         - @ConditionalOnClass did not find required class 'com.mongodb.reactivestreams.client.MongoClient' (OnClassCondition)

   MongoReactiveRepositoriesAutoConfiguration:
      Did not match:
         - @ConditionalOnClass did not find required class 'com.mongodb.reactivestreams.client.MongoClient' (OnClassCondition)

   MongoRepositoriesAutoConfiguration:
      Did not match:
         - @ConditionalOnClass did not find required class 'com.mongodb.client.MongoClient' (OnClassCondition)

   MustacheAutoConfiguration:
      Did not match:
         - @ConditionalOnClass did not find required class 'com.samskivert.mustache.Mustache' (OnClassCondition)

   Neo4jAutoConfiguration:
      Did not match:
         - @ConditionalOnClass did not find required class 'org.neo4j.driver.Driver' (OnClassCondition)

   Neo4jDataAutoConfiguration:
      Did not match:
         - @ConditionalOnClass did not find required class 'org.neo4j.driver.Driver' (OnClassCondition)

   Neo4jReactiveDataAutoConfiguration:
      Did not match:
         - @ConditionalOnClass did not find required class 'org.neo4j.driver.Driver' (OnClassCondition)

   Neo4jReactiveRepositoriesAutoConfiguration:
      Did not match:
         - @ConditionalOnClass did not find required class 'org.neo4j.driver.Driver' (OnClassCondition)

   Neo4jRepositoriesAutoConfiguration:
      Did not match:
         - @ConditionalOnClass did not find required class 'org.neo4j.driver.Driver' (OnClassCondition)

   NettyAutoConfiguration:
      Did not match:
         - @ConditionalOnClass did not find required class 'io.netty.util.NettyRuntime' (OnClassCondition)

   OAuth2AuthorizationServerAutoConfiguration:
      Did not match:
         - @ConditionalOnClass did not find required class 'org.springframework.security.oauth2.server.authorization.OAuth2Authorization' (OnClassCondition)

   OAuth2AuthorizationServerJwtAutoConfiguration:
      Did not match:
         - @ConditionalOnClass did not find required class 'com.nimbusds.jose.jwk.source.JWKSource' (OnClassCondition)

   OAuth2ClientAutoConfiguration:
      Did not match:
         - @ConditionalOnClass did not find required class 'org.springframework.security.oauth2.client.registration.ClientRegistration' (OnClassCondition)

   OAuth2ClientWebSecurityAutoConfiguration:
      Did not match:
         - @ConditionalOnClass did not find required class 'org.springframework.security.config.annotation.web.configuration.EnableWebSecurity' (OnClassCondition)

   OAuth2ResourceServerAutoConfiguration:
      Did not match:
         - @ConditionalOnClass did not find required class 'org.springframework.security.oauth2.server.resource.authentication.BearerTokenAuthenticationToken' (OnClassCondition)

   ProjectInfoAutoConfiguration#buildProperties:
      Did not match:
         - @ConditionalOnResource did not find resource '${spring.info.build.location:classpath:META-INF/build-info.properties}' (OnResourceCondition)

   ProjectInfoAutoConfiguration#gitProperties:
      Did not match:
         - GitResource did not find git info at classpath:git.properties (ProjectInfoAutoConfiguration.GitResourceAvailableCondition)

   PulsarAutoConfiguration:
      Did not match:
         - @ConditionalOnClass did not find required class 'org.apache.pulsar.client.api.PulsarClient' (OnClassCondition)

   PulsarReactiveAutoConfiguration:
      Did not match:
         - @ConditionalOnClass did not find required class 'org.apache.pulsar.client.api.PulsarClient' (OnClassCondition)

   QuartzAutoConfiguration:
      Did not match:
         - @ConditionalOnClass did not find required class 'org.quartz.Scheduler' (OnClassCondition)

   R2dbcAutoConfiguration:
      Did not match:
         - @ConditionalOnClass did not find required class 'io.r2dbc.spi.ConnectionFactory' (OnClassCondition)

   R2dbcDataAutoConfiguration:
      Did not match:
         - @ConditionalOnClass did not find required class 'org.springframework.data.r2dbc.core.R2dbcEntityTemplate' (OnClassCondition)

   R2dbcInitializationConfiguration:
      Did not match:
         - @ConditionalOnClass did not find required classes 'io.r2dbc.spi.ConnectionFactory', 'org.springframework.r2dbc.connection.init.DatabasePopulator' (OnClassCondition)

   R2dbcProxyAutoConfiguration:
      Did not match:
         - @ConditionalOnClass did not find required class 'io.r2dbc.proxy.ProxyConnectionFactory' (OnClassCondition)

   R2dbcRepositoriesAutoConfiguration:
      Did not match:
         - @ConditionalOnClass did not find required class 'io.r2dbc.spi.ConnectionFactory' (OnClassCondition)

   R2dbcTransactionManagerAutoConfiguration:
      Did not match:
         - @ConditionalOnClass did not find required class 'org.springframework.r2dbc.connection.R2dbcTransactionManager' (OnClassCondition)

   RSocketGraphQlClientAutoConfiguration:
      Did not match:
         - @ConditionalOnClass did not find required class 'graphql.GraphQL' (OnClassCondition)

   RSocketMessagingAutoConfiguration:
      Did not match:
         - @ConditionalOnClass did not find required class 'io.rsocket.RSocket' (OnClassCondition)

   RSocketRequesterAutoConfiguration:
      Did not match:
         - @ConditionalOnClass did not find required class 'io.rsocket.RSocket' (OnClassCondition)

   RSocketSecurityAutoConfiguration:
      Did not match:
         - @ConditionalOnClass did not find required class 'org.springframework.security.rsocket.core.SecuritySocketAcceptorInterceptor' (OnClassCondition)

   RSocketServerAutoConfiguration:
      Did not match:
         - @ConditionalOnClass did not find required class 'io.rsocket.core.RSocketServer' (OnClassCondition)

   RSocketStrategiesAutoConfiguration:
      Did not match:
         - @ConditionalOnClass did not find required class 'io.netty.buffer.PooledByteBufAllocator' (OnClassCondition)

   RabbitAutoConfiguration:
      Did not match:
         - @ConditionalOnClass did not find required class 'com.rabbitmq.client.Channel' (OnClassCondition)

   ReactiveElasticsearchClientAutoConfiguration:
      Did not match:
         - @ConditionalOnClass did not find required class 'co.elastic.clients.transport.ElasticsearchTransport' (OnClassCondition)

   ReactiveElasticsearchRepositoriesAutoConfiguration:
      Did not match:
         - @ConditionalOnClass did not find required class 'reactor.core.publisher.Mono' (OnClassCondition)

   ReactiveMultipartAutoConfiguration:
      Did not match:
         - @ConditionalOnClass did not find required class 'org.springframework.web.reactive.config.WebFluxConfigurer' (OnClassCondition)

   ReactiveOAuth2ClientAutoConfiguration:
      Did not match:
         - @ConditionalOnClass did not find required class 'reactor.core.publisher.Flux' (OnClassCondition)

   ReactiveOAuth2ClientWebSecurityAutoConfiguration:
      Did not match:
         - @ConditionalOnClass did not find required class 'reactor.core.publisher.Flux' (OnClassCondition)

   ReactiveOAuth2ResourceServerAutoConfiguration:
      Did not match:
         - @ConditionalOnClass did not find required class 'org.springframework.security.config.annotation.web.reactive.EnableWebFluxSecurity' (OnClassCondition)

   ReactiveSecurityAutoConfiguration:
      Did not match:
         - @ConditionalOnClass did not find required class 'reactor.core.publisher.Flux' (OnClassCondition)

   ReactiveUserDetailsServiceAutoConfiguration:
      Did not match:
         - @ConditionalOnClass did not find required class 'org.springframework.security.authentication.ReactiveAuthenticationManager' (OnClassCondition)

   ReactiveWebServerFactoryAutoConfiguration:
      Did not match:
         - @ConditionalOnWebApplication did not find reactive web application classes (OnWebApplicationCondition)

   ReactorAutoConfiguration:
      Did not match:
         - @ConditionalOnClass did not find required class 'reactor.core.publisher.Hooks' (OnClassCondition)

   RedisAutoConfiguration:
      Did not match:
         - @ConditionalOnClass did not find required class 'org.springframework.data.redis.core.RedisOperations' (OnClassCondition)

   RedisCacheConfiguration:
      Did not match:
         - @ConditionalOnClass did not find required class 'org.springframework.data.redis.connection.RedisConnectionFactory' (OnClassCondition)

   RedisReactiveAutoConfiguration:
      Did not match:
         - @ConditionalOnClass did not find required class 'reactor.core.publisher.Flux' (OnClassCondition)

   RedisRepositoriesAutoConfiguration:
      Did not match:
         - @ConditionalOnClass did not find required class 'org.springframework.data.redis.repository.configuration.EnableRedisRepositories' (OnClassCondition)

   RemoteDevToolsAutoConfiguration:
      Did not match:
         - @ConditionalOnProperty (spring.devtools.remote.secret) did not find property 'spring.devtools.remote.secret' (OnPropertyCondition)
      Matched:
         - @ConditionalOnClass found required classes 'jakarta.servlet.Filter', 'org.springframework.http.server.ServerHttpRequest' (OnClassCondition)

   RepositoryRestMvcAutoConfiguration:
      Did not match:
         - @ConditionalOnClass did not find required class 'org.springframework.data.rest.webmvc.config.RepositoryRestMvcConfiguration' (OnClassCondition)

   Saml2RelyingPartyAutoConfiguration:
      Did not match:
         - @ConditionalOnClass did not find required class 'org.springframework.security.saml2.provider.service.registration.RelyingPartyRegistrationRepository' (OnClassCondition)

   SecurityAutoConfiguration:
      Did not match:
         - @ConditionalOnClass did not find required class 'org.springframework.security.authentication.DefaultAuthenticationEventPublisher' (OnClassCondition)

   SecurityFilterAutoConfiguration:
      Did not match:
         - @ConditionalOnClass did not find required class 'org.springframework.security.config.http.SessionCreationPolicy' (OnClassCondition)

   SendGridAutoConfiguration:
      Did not match:
         - @ConditionalOnClass did not find required class 'com.sendgrid.SendGrid' (OnClassCondition)

   ServletWebServerFactoryAutoConfiguration.ForwardedHeaderFilterConfiguration:
      Did not match:
         - @ConditionalOnProperty (server.forward-headers-strategy=framework) did not find property 'server.forward-headers-strategy' (OnPropertyCondition)

   ServletWebServerFactoryConfiguration.EmbeddedJetty:
      Did not match:
         - @ConditionalOnClass did not find required classes 'org.eclipse.jetty.server.Server', 'org.eclipse.jetty.util.Loader', 'org.eclipse.jetty.ee10.webapp.WebAppContext' (OnClassCondition)

   ServletWebServerFactoryConfiguration.EmbeddedUndertow:
      Did not match:
         - @ConditionalOnClass did not find required classes 'io.undertow.Undertow', 'org.xnio.SslClientAuthMode' (OnClassCondition)

   SessionAutoConfiguration:
      Did not match:
         - @ConditionalOnClass did not find required class 'org.springframework.session.Session' (OnClassCondition)

   SpringApplicationAdminJmxAutoConfiguration:
      Did not match:
         - @ConditionalOnBooleanProperty (spring.application.admin.enabled=true) did not find property 'spring.application.admin.enabled' (OnPropertyCondition)

   TaskExecutorConfigurations.SimpleAsyncTaskExecutorBuilderConfiguration#simpleAsyncTaskExecutorBuilderVirtualThreads:
      Did not match:
         - @ConditionalOnMissingBean (types: org.springframework.boot.task.SimpleAsyncTaskExecutorBuilder; SearchStrategy: all) found beans of type 'org.springframework.boot.task.SimpleAsyncTaskExecutorBuilder' simpleAsyncTaskExecutorBuilder (OnBeanCondition)

   TaskExecutorConfigurations.TaskExecutorConfiguration#applicationTaskExecutorVirtualThreads:
      Did not match:
         - @ConditionalOnThreading did not find VIRTUAL (OnThreadingCondition)

   TaskSchedulingAutoConfiguration#scheduledBeanLazyInitializationExcludeFilter:
      Did not match:
         - @ConditionalOnBean (names: org.springframework.context.annotation.internalScheduledAnnotationProcessor; SearchStrategy: all) did not find any beans named org.springframework.context.annotation.internalScheduledAnnotationProcessor (OnBeanCondition)

   TaskSchedulingConfigurations.SimpleAsyncTaskSchedulerBuilderConfiguration#simpleAsyncTaskSchedulerBuilderVirtualThreads:
      Did not match:
         - @ConditionalOnMissingBean (types: org.springframework.boot.task.SimpleAsyncTaskSchedulerBuilder; SearchStrategy: all) found beans of type 'org.springframework.boot.task.SimpleAsyncTaskSchedulerBuilder' simpleAsyncTaskSchedulerBuilder (OnBeanCondition)

   TaskSchedulingConfigurations.TaskSchedulerConfiguration:
      Did not match:
         - @ConditionalOnBean (names: org.springframework.context.annotation.internalScheduledAnnotationProcessor; SearchStrategy: all) did not find any beans named org.springframework.context.annotation.internalScheduledAnnotationProcessor (OnBeanCondition)

   TemplateEngineConfigurations.ReactiveTemplateEngineConfiguration:
      Did not match:
         - did not find reactive web application classes (OnWebApplicationCondition)

   ThymeleafAutoConfiguration.DataAttributeDialectConfiguration:
      Did not match:
         - @ConditionalOnClass did not find required class 'com.github.mxab.thymeleaf.extras.dataattribute.dialect.DataAttributeDialect' (OnClassCondition)

   ThymeleafAutoConfiguration.ThymeleafSecurityDialectConfiguration:
      Did not match:
         - @ConditionalOnClass did not find required classes 'org.thymeleaf.extras.springsecurity6.dialect.SpringSecurityDialect', 'org.springframework.security.web.server.csrf.CsrfToken' (OnClassCondition)

   ThymeleafAutoConfiguration.ThymeleafWebFluxConfiguration:
      Did not match:
         - did not find reactive web application classes (OnWebApplicationCondition)

   ThymeleafAutoConfiguration.ThymeleafWebLayoutConfiguration:
      Did not match:
         - @ConditionalOnClass did not find required class 'nz.net.ultraq.thymeleaf.layoutdialect.LayoutDialect' (OnClassCondition)

   ThymeleafAutoConfiguration.ThymeleafWebMvcConfiguration#resourceUrlEncodingFilter:
      Did not match:
         - @ConditionalOnEnabledResourceChain did not find class org.webjars.WebJarVersionLocator (OnEnabledResourceChainCondition)

   TransactionAutoConfiguration#transactionalOperator:
      Did not match:
         - @ConditionalOnSingleCandidate (types: org.springframework.transaction.ReactiveTransactionManager; SearchStrategy: all) did not find any beans (OnBeanCondition)

   TransactionAutoConfiguration.AspectJTransactionManagementConfiguration:
      Did not match:
         - @ConditionalOnBean (types: org.springframework.transaction.aspectj.AbstractTransactionAspect; SearchStrategy: all) did not find any beans of type org.springframework.transaction.aspectj.AbstractTransactionAspect (OnBeanCondition)

   TransactionAutoConfiguration.EnableTransactionManagementConfiguration.JdkDynamicAutoProxyConfiguration:
      Did not match:
         - @ConditionalOnBooleanProperty (spring.aop.proxy-target-class=false) did not find property 'spring.aop.proxy-target-class' (OnPropertyCondition)

   UserDetailsServiceAutoConfiguration:
      Did not match:
         - @ConditionalOnClass did not find required class 'org.springframework.security.authentication.AuthenticationManager' (OnClassCondition)

   ValidationAutoConfiguration:
      Did not match:
         - @ConditionalOnClass did not find required class 'jakarta.validation.executable.ExecutableValidator' (OnClassCondition)

   WebClientAutoConfiguration:
      Did not match:
         - @ConditionalOnClass did not find required class 'org.springframework.web.reactive.function.client.WebClient' (OnClassCondition)

   WebFluxAutoConfiguration:
      Did not match:
         - @ConditionalOnClass did not find required class 'org.springframework.web.reactive.config.WebFluxConfigurer' (OnClassCondition)

   WebMvcAutoConfiguration#hiddenHttpMethodFilter:
      Did not match:
         - @ConditionalOnBooleanProperty (spring.mvc.hiddenmethod.filter.enabled=true) did not find property 'spring.mvc.hiddenmethod.filter.enabled' (OnPropertyCondition)

   WebMvcAutoConfiguration.ProblemDetailsErrorHandlingConfiguration:
      Did not match:
         - @ConditionalOnBooleanProperty (spring.mvc.problemdetails.enabled=true) did not find property 'spring.mvc.problemdetails.enabled' (OnPropertyCondition)

   WebMvcAutoConfiguration.ResourceChainCustomizerConfiguration:
      Did not match:
         - @ConditionalOnEnabledResourceChain did not find class org.webjars.WebJarVersionLocator (OnEnabledResourceChainCondition)

   WebMvcAutoConfiguration.WebMvcAutoConfigurationAdapter#beanNameViewResolver:
      Did not match:
         - @ConditionalOnMissingBean (types: org.springframework.web.servlet.view.BeanNameViewResolver; SearchStrategy: all) found beans of type 'org.springframework.web.servlet.view.BeanNameViewResolver' beanNameViewResolver (OnBeanCondition)

   WebServiceTemplateAutoConfiguration:
      Did not match:
         - @ConditionalOnClass did not find required class 'org.springframework.oxm.Marshaller' (OnClassCondition)

   WebServicesAutoConfiguration:
      Did not match:
         - @ConditionalOnClass did not find required class 'org.springframework.ws.transport.http.MessageDispatcherServlet' (OnClassCondition)

   WebSessionIdResolverAutoConfiguration:
      Did not match:
         - @ConditionalOnClass did not find required class 'reactor.core.publisher.Mono' (OnClassCondition)

   WebSocketMessagingAutoConfiguration:
      Did not match:
         - @ConditionalOnClass did not find required class 'org.springframework.web.socket.config.annotation.WebSocketMessageBrokerConfigurer' (OnClassCondition)

   WebSocketReactiveAutoConfiguration:
      Did not match:
         - @ConditionalOnWebApplication did not find reactive web application classes (OnWebApplicationCondition)

   WebSocketServletAutoConfiguration.JettyWebSocketConfiguration:
      Did not match:
         - @ConditionalOnClass did not find required class 'org.eclipse.jetty.ee10.websocket.jakarta.server.config.JakartaWebSocketServletContainerInitializer' (OnClassCondition)

   WebSocketServletAutoConfiguration.UndertowWebSocketConfiguration:
      Did not match:
         - @ConditionalOnClass did not find required class 'io.undertow.websockets.jsr.Bootstrap' (OnClassCondition)

   XADataSourceAutoConfiguration:
      Did not match:
         - @ConditionalOnBean (types: org.springframework.boot.jdbc.XADataSourceWrapper; SearchStrategy: all) did not find any beans of type org.springframework.boot.jdbc.XADataSourceWrapper (OnBeanCondition)
      Matched:
         - @ConditionalOnClass found required classes 'javax.sql.DataSource', 'jakarta.transaction.TransactionManager', 'org.springframework.jdbc.datasource.embedded.EmbeddedDatabaseType' (OnClassCondition)


Exclusions:
-----------

    None


Unconditional classes:
----------------------

    org.springframework.boot.autoconfigure.context.ConfigurationPropertiesAutoConfiguration

    org.springframework.boot.autoconfigure.ssl.SslAutoConfiguration

    org.springframework.boot.autoconfigure.context.LifecycleAutoConfiguration

    org.springframework.boot.autoconfigure.context.PropertyPlaceholderAutoConfiguration

    org.springframework.boot.autoconfigure.availability.ApplicationAvailabilityAutoConfiguration

    org.springframework.boot.autoconfigure.info.ProjectInfoAutoConfiguration



2026-05-21T14:48:35.349+07:00  INFO 45896 --- [preorder] [  restartedMain] c.sriundee.preorder.PreorderApplication  : Started PreorderApplication in 3.695 seconds (process running for 3.947)
2026-05-21T14:48:35.350+07:00 DEBUG 45896 --- [preorder] [  restartedMain] o.s.b.a.ApplicationAvailabilityBean      : Application availability state LivenessState changed to CORRECT
2026-05-21T14:48:35.353+07:00 DEBUG 45896 --- [preorder] [  restartedMain] o.s.boot.devtools.restart.Restarter      : Creating new Restarter for thread Thread[#1,main,5,main]
2026-05-21T14:48:35.354+07:00 DEBUG 45896 --- [preorder] [  restartedMain] o.s.boot.devtools.restart.Restarter      : Immediately restarting application
2026-05-21T14:48:35.354+07:00 DEBUG 45896 --- [preorder] [  restartedMain] o.s.boot.devtools.restart.Restarter      : Starting application com.sriundee.preorder.PreorderApplication with URLs [file:/D:/PreorderShop/git/SriundeeShop/target/classes/]
2026-05-21T14:48:35.355+07:00 DEBUG 45896 --- [preorder] [  restartedMain] o.s.b.a.ApplicationAvailabilityBean      : Application availability state ReadinessState changed to ACCEPTING_TRAFFIC
2026-05-21T14:48:37.222+07:00  INFO 45896 --- [preorder] [nio-8080-exec-1] o.a.c.c.C.[Tomcat].[localhost].[/]       : Initializing Spring DispatcherServlet 'dispatcherServlet'
2026-05-21T14:48:37.223+07:00  INFO 45896 --- [preorder] [nio-8080-exec-1] o.s.web.servlet.DispatcherServlet        : Initializing Servlet 'dispatcherServlet'
2026-05-21T14:48:37.224+07:00 DEBUG 45896 --- [preorder] [nio-8080-exec-1] o.s.web.servlet.DispatcherServlet        : Detected StandardServletMultipartResolver
2026-05-21T14:48:37.224+07:00 DEBUG 45896 --- [preorder] [nio-8080-exec-1] o.s.web.servlet.DispatcherServlet        : Detected AcceptHeaderLocaleResolver
2026-05-21T14:48:37.225+07:00 DEBUG 45896 --- [preorder] [nio-8080-exec-1] o.s.web.servlet.DispatcherServlet        : Detected FixedThemeResolver
2026-05-21T14:48:37.226+07:00 DEBUG 45896 --- [preorder] [nio-8080-exec-1] o.s.web.servlet.DispatcherServlet        : Detected org.springframework.web.servlet.view.DefaultRequestToViewNameTranslator@20335198
2026-05-21T14:48:37.227+07:00 DEBUG 45896 --- [preorder] [nio-8080-exec-1] o.s.web.servlet.DispatcherServlet        : Detected org.springframework.web.servlet.support.SessionFlashMapManager@5ba889eb
2026-05-21T14:48:37.227+07:00 DEBUG 45896 --- [preorder] [nio-8080-exec-1] o.s.web.servlet.DispatcherServlet        : enableLoggingRequestDetails='false': request parameters and headers will be masked to prevent unsafe logging of potentially sensitive data
2026-05-21T14:48:37.228+07:00  INFO 45896 --- [preorder] [nio-8080-exec-1] o.s.web.servlet.DispatcherServlet        : Completed initialization in 4 ms
2026-05-21T14:48:37.237+07:00 DEBUG 45896 --- [preorder] [nio-8080-exec-1] o.s.web.servlet.DispatcherServlet        : GET "/", parameters={}
2026-05-21T14:48:37.246+07:00 DEBUG 45896 --- [preorder] [nio-8080-exec-1] s.w.s.m.m.a.RequestMappingHandlerMapping : Mapped to com.sriundee.preorder.controller.IndexController#index(Model, String, String)
2026-05-21T14:48:37.354+07:00 DEBUG 45896 --- [preorder] [nio-8080-exec-1] org.hibernate.SQL                        : select lv1_0.id_log_version,lv1_0.lv_date,lv1_0.lv_version from t_log_version lv1_0 order by lv1_0.id_log_version desc limit ?
Hibernate: select lv1_0.id_log_version,lv1_0.lv_date,lv1_0.lv_version from t_log_version lv1_0 order by lv1_0.id_log_version desc limit ?
2026-05-21T14:48:37.364+07:00 TRACE 45896 --- [preorder] [nio-8080-exec-1] org.hibernate.orm.jdbc.bind              : binding parameter (1:INTEGER) <- [1]
2026-05-21T14:48:37.901+07:00  WARN 45896 --- [preorder] [nio-8080-exec-1] o.h.engine.jdbc.spi.SqlExceptionHelper   : SQL Error: 1146, SQLState: 42S02
2026-05-21T14:48:37.902+07:00 ERROR 45896 --- [preorder] [nio-8080-exec-1] o.h.engine.jdbc.spi.SqlExceptionHelper   : Table 'db_sriundee_shop.t_log_version' doesn't exist
2026-05-21T14:48:37.920+07:00 DEBUG 45896 --- [preorder] [nio-8080-exec-1] org.hibernate.SQL                        : select s1_0.id_setting,s1_0.s_key,s1_0.s_value from t_settings s1_0 where s1_0.s_key=?
Hibernate: select s1_0.id_setting,s1_0.s_key,s1_0.s_value from t_settings s1_0 where s1_0.s_key=?
2026-05-21T14:48:37.923+07:00 TRACE 45896 --- [preorder] [nio-8080-exec-1] org.hibernate.orm.jdbc.bind              : binding parameter (1:VARCHAR) <- [theme_mode]
2026-05-21T14:48:37.985+07:00 DEBUG 45896 --- [preorder] [nio-8080-exec-1] org.hibernate.SQL                        : SELECT ID_menu ,m_name ,m_parent ,m_ID_menu ,m_url ,m_icon
FROM t_menu
WHERE m_ID_menu IS NULL
ORDER BY CASE WHEN ID_menu = 14 THEN 1.5 WHEN ID_menu = 12 THEN 7.5 WHEN ID_menu = 13 THEN 7.6 ELSE ID_menu END

Hibernate: SELECT ID_menu ,m_name ,m_parent ,m_ID_menu ,m_url ,m_icon
FROM t_menu
WHERE m_ID_menu IS NULL
ORDER BY CASE WHEN ID_menu = 14 THEN 1.5 WHEN ID_menu = 12 THEN 7.5 WHEN ID_menu = 13 THEN 7.6 ELSE ID_menu END

2026-05-21T14:48:38.003+07:00 DEBUG 45896 --- [preorder] [nio-8080-exec-1] org.hibernate.SQL                        : SELECT ID_menu ,m_name ,m_parent ,m_ID_menu ,m_url ,m_icon FROM t_menu WHERE m_ID_menu = ? ORDER BY ID_menu
Hibernate: SELECT ID_menu ,m_name ,m_parent ,m_ID_menu ,m_url ,m_icon FROM t_menu WHERE m_ID_menu = ? ORDER BY ID_menu
2026-05-21T14:48:38.005+07:00 TRACE 45896 --- [preorder] [nio-8080-exec-1] org.hibernate.orm.jdbc.bind              : binding parameter (1:INTEGER) <- [2]
2026-05-21T14:48:38.010+07:00 DEBUG 45896 --- [preorder] [nio-8080-exec-1] o.s.jdbc.core.JdbcTemplate               : Executing prepared SQL query
2026-05-21T14:48:38.011+07:00 DEBUG 45896 --- [preorder] [nio-8080-exec-1] o.s.jdbc.core.JdbcTemplate               : Executing prepared SQL statement [SELECT COUNT(*)
FROM q_order
WHERE o_order_date BETWEEN ? AND ?
]
2026-05-21T14:48:38.013+07:00 DEBUG 45896 --- [preorder] [nio-8080-exec-1] o.s.jdbc.datasource.DataSourceUtils      : Fetching JDBC Connection from DataSource
2026-05-21T14:48:38.022+07:00 DEBUG 45896 --- [preorder] [nio-8080-exec-1] o.s.jdbc.core.JdbcTemplate               : Executing prepared SQL query
2026-05-21T14:48:38.022+07:00 DEBUG 45896 --- [preorder] [nio-8080-exec-1] o.s.jdbc.core.JdbcTemplate               : Executing prepared SQL statement [SELECT COUNT(*)
FROM t_order_detail od
JOIN t_order o ON o.ID_order = od.ID_order
WHERE o.o_order_date BETWEEN ? AND ?
]
2026-05-21T14:48:38.022+07:00 DEBUG 45896 --- [preorder] [nio-8080-exec-1] o.s.jdbc.datasource.DataSourceUtils      : Fetching JDBC Connection from DataSource
2026-05-21T14:48:38.023+07:00 DEBUG 45896 --- [preorder] [nio-8080-exec-1] o.s.jdbc.core.JdbcTemplate               : Executing prepared SQL query
2026-05-21T14:48:38.025+07:00 DEBUG 45896 --- [preorder] [nio-8080-exec-1] o.s.jdbc.core.JdbcTemplate               : Executing prepared SQL statement [SELECT COALESCE(SUM(o_net), 0)
FROM q_order
WHERE o_order_date BETWEEN ? AND ?
]
2026-05-21T14:48:38.025+07:00 DEBUG 45896 --- [preorder] [nio-8080-exec-1] o.s.jdbc.datasource.DataSourceUtils      : Fetching JDBC Connection from DataSource
2026-05-21T14:48:38.027+07:00 DEBUG 45896 --- [preorder] [nio-8080-exec-1] o.s.jdbc.core.JdbcTemplate               : Executing prepared SQL query
2026-05-21T14:48:38.028+07:00 DEBUG 45896 --- [preorder] [nio-8080-exec-1] o.s.jdbc.core.JdbcTemplate               : Executing prepared SQL statement [SELECT COALESCE(SUM(CASE WHEN ID_pay_method = 2 THEN o_price_balance ELSE 0 END), 0)
FROM q_order
WHERE o_order_date BETWEEN ? AND ?
]
2026-05-21T14:48:38.028+07:00 DEBUG 45896 --- [preorder] [nio-8080-exec-1] o.s.jdbc.datasource.DataSourceUtils      : Fetching JDBC Connection from DataSource
2026-05-21T14:48:38.030+07:00 DEBUG 45896 --- [preorder] [nio-8080-exec-1] o.s.jdbc.core.JdbcTemplate               : Executing prepared SQL query
2026-05-21T14:48:38.030+07:00 DEBUG 45896 --- [preorder] [nio-8080-exec-1] o.s.jdbc.core.JdbcTemplate               : Executing prepared SQL statement [SELECT COALESCE(SUM(CASE WHEN ID_pay_method = 1 THEN o_net ELSE 0 END), 0)
FROM q_order
WHERE o_order_date BETWEEN ? AND ?
]
2026-05-21T14:48:38.030+07:00 DEBUG 45896 --- [preorder] [nio-8080-exec-1] o.s.jdbc.datasource.DataSourceUtils      : Fetching JDBC Connection from DataSource
2026-05-21T14:48:38.031+07:00 DEBUG 45896 --- [preorder] [nio-8080-exec-1] o.s.jdbc.core.JdbcTemplate               : Executing prepared SQL query
2026-05-21T14:48:38.032+07:00 DEBUG 45896 --- [preorder] [nio-8080-exec-1] o.s.jdbc.core.JdbcTemplate               : Executing prepared SQL statement [SELECT COALESCE(SUM(CASE WHEN ID_pay_method IN (2, 3) THEN o_price_pledge ELSE 0 END), 0)
FROM q_order
WHERE o_order_date BETWEEN ? AND ?
]
2026-05-21T14:48:38.032+07:00 DEBUG 45896 --- [preorder] [nio-8080-exec-1] o.s.jdbc.datasource.DataSourceUtils      : Fetching JDBC Connection from DataSource
2026-05-21T14:48:38.034+07:00 DEBUG 45896 --- [preorder] [nio-8080-exec-1] o.s.jdbc.core.JdbcTemplate               : Executing prepared SQL query
2026-05-21T14:48:38.034+07:00 DEBUG 45896 --- [preorder] [nio-8080-exec-1] o.s.jdbc.core.JdbcTemplate               : Executing prepared SQL statement [SELECT COALESCE(SUM(CAST(REPLACE(c_price, ',', '') AS DECIMAL(14,2))), 0)
FROM q_cost
WHERE c_delete = 'A'
  AND c_create_date BETWEEN ? AND ?
]
2026-05-21T14:48:38.034+07:00 DEBUG 45896 --- [preorder] [nio-8080-exec-1] o.s.jdbc.datasource.DataSourceUtils      : Fetching JDBC Connection from DataSource
2026-05-21T14:48:38.036+07:00 DEBUG 45896 --- [preorder] [nio-8080-exec-1] o.s.jdbc.core.JdbcTemplate               : Executing prepared SQL query
2026-05-21T14:48:38.036+07:00 DEBUG 45896 --- [preorder] [nio-8080-exec-1] o.s.jdbc.core.JdbcTemplate               : Executing prepared SQL statement [SELECT tc_name AS label,
       COALESCE(SUM(CAST(REPLACE(c_price, ',', '') AS DECIMAL(14,2))), 0) AS value,
       CASE ID_type_cost
           WHEN 1 THEN 'cost-press'
           WHEN 2 THEN 'cost-shipping'
           WHEN 3 THEN 'cost-other'
           WHEN 4 THEN 'cost-danger'
           WHEN 5 THEN 'cost-success'
           ELSE 'cost-default'
       END AS tone
FROM q_cost
WHERE c_delete = 'A'
  AND c_create_date BETWEEN ? AND ?
GROUP BY ID_type_cost, tc_name
ORDER BY ID_type_cost
]
2026-05-21T14:48:38.036+07:00 DEBUG 45896 --- [preorder] [nio-8080-exec-1] o.s.jdbc.datasource.DataSourceUtils      : Fetching JDBC Connection from DataSource
2026-05-21T14:48:38.038+07:00 DEBUG 45896 --- [preorder] [nio-8080-exec-1] o.s.jdbc.core.JdbcTemplate               : Executing prepared SQL query
2026-05-21T14:48:38.038+07:00 DEBUG 45896 --- [preorder] [nio-8080-exec-1] o.s.jdbc.core.JdbcTemplate               : Executing prepared SQL statement [SELECT o_order_date AS orderDate,
       COALESCE(SUM(o_net), 0) AS amount,
       COALESCE(SUM(CASE WHEN ID_pay_method IN (1, 3) THEN o_net WHEN ID_pay_method = 2 THEN o_price_pledge ELSE 0 END), 0) AS receivedPaid,
       COALESCE(SUM(CASE WHEN ID_pay_method = 2 THEN o_price_pledge ELSE 0 END), 0) AS pledgePaid
FROM q_order
WHERE o_order_date BETWEEN ? AND ?
GROUP BY o_order_date
ORDER BY o_order_date
]
2026-05-21T14:48:38.038+07:00 DEBUG 45896 --- [preorder] [nio-8080-exec-1] o.s.jdbc.datasource.DataSourceUtils      : Fetching JDBC Connection from DataSource
2026-05-21T14:48:38.040+07:00 DEBUG 45896 --- [preorder] [nio-8080-exec-1] o.s.jdbc.core.JdbcTemplate               : Executing prepared SQL query
2026-05-21T14:48:38.040+07:00 DEBUG 45896 --- [preorder] [nio-8080-exec-1] o.s.jdbc.core.JdbcTemplate               : Executing prepared SQL statement [SELECT c_create_date AS costDate,
       ID_type_cost AS costType,
       COALESCE(SUM(CAST(REPLACE(c_price, ',', '') AS DECIMAL(14,2))), 0) AS costAmount
FROM q_cost
WHERE c_delete = 'A'
  AND ID_type_cost IN (1, 2)
  AND c_create_date BETWEEN ? AND ?
GROUP BY c_create_date, ID_type_cost
ORDER BY c_create_date, ID_type_cost
]
2026-05-21T14:48:38.040+07:00 DEBUG 45896 --- [preorder] [nio-8080-exec-1] o.s.jdbc.datasource.DataSourceUtils      : Fetching JDBC Connection from DataSource
2026-05-21T14:48:38.096+07:00 DEBUG 45896 --- [preorder] [nio-8080-exec-1] o.s.jdbc.core.JdbcTemplate               : Executing prepared SQL query
2026-05-21T14:48:38.096+07:00 DEBUG 45896 --- [preorder] [nio-8080-exec-1] o.s.jdbc.core.JdbcTemplate               : Executing prepared SQL statement [SELECT COALESCE(q.a_name, '?????????????') AS label,
       COALESCE(SUM(q.od_qty), 0) AS value
FROM q_order_detail q
JOIN t_order o ON o.ID_order = q.ID_order
WHERE o.o_order_date BETWEEN ? AND ?
GROUP BY q.ID_art, COALESCE(q.a_name, '?????????????')
ORDER BY value DESC, label
]
2026-05-21T14:48:38.096+07:00 DEBUG 45896 --- [preorder] [nio-8080-exec-1] o.s.jdbc.datasource.DataSourceUtils      : Fetching JDBC Connection from DataSource
2026-05-21T14:48:38.099+07:00 DEBUG 45896 --- [preorder] [nio-8080-exec-1] o.s.jdbc.core.JdbcTemplate               : Executing prepared SQL query
2026-05-21T14:48:38.099+07:00 DEBUG 45896 --- [preorder] [nio-8080-exec-1] o.s.jdbc.core.JdbcTemplate               : Executing prepared SQL statement [SELECT COALESCE(q.t_name, '?????????????') AS label,
       COALESCE(SUM(q.od_qty), 0) AS value
FROM q_order_detail q
JOIN t_order o ON o.ID_order = q.ID_order
WHERE o.o_order_date BETWEEN ? AND ?
GROUP BY q.ID_type, COALESCE(q.t_name, '?????????????')
ORDER BY value DESC, label
]
2026-05-21T14:48:38.100+07:00 DEBUG 45896 --- [preorder] [nio-8080-exec-1] o.s.jdbc.datasource.DataSourceUtils      : Fetching JDBC Connection from DataSource
2026-05-21T14:48:38.103+07:00 DEBUG 45896 --- [preorder] [nio-8080-exec-1] org.hibernate.SQL                        : select s1_0.id_setting,s1_0.s_key,s1_0.s_value from t_settings s1_0 where s1_0.s_key=?
Hibernate: select s1_0.id_setting,s1_0.s_key,s1_0.s_value from t_settings s1_0 where s1_0.s_key=?
2026-05-21T14:48:38.104+07:00 TRACE 45896 --- [preorder] [nio-8080-exec-1] org.hibernate.orm.jdbc.bind              : binding parameter (1:VARCHAR) <- [dashboard_chart_series]
2026-05-21T14:48:38.108+07:00 DEBUG 45896 --- [preorder] [nio-8080-exec-1] org.hibernate.SQL                        : select s1_0.id_setting,s1_0.s_key,s1_0.s_value from t_settings s1_0 where s1_0.s_key=?
Hibernate: select s1_0.id_setting,s1_0.s_key,s1_0.s_value from t_settings s1_0 where s1_0.s_key=?
2026-05-21T14:48:38.109+07:00 TRACE 45896 --- [preorder] [nio-8080-exec-1] org.hibernate.orm.jdbc.bind              : binding parameter (1:VARCHAR) <- [dashboard_chart_granularity]
2026-05-21T14:48:38.123+07:00 DEBUG 45896 --- [preorder] [nio-8080-exec-1] o.s.w.s.v.ContentNegotiatingViewResolver : Selected 'text/html' given [text/html, application/xhtml+xml, image/avif, image/webp, image/apng, application/xml;q=0.9, */*;q=0.8, application/signed-exchange;v=b3;q=0.7]
2026-05-21T14:48:38.314+07:00  WARN 45896 --- [preorder] [nio-8080-exec-1] actStandardFragmentInsertionTagProcessor : [THYMELEAF][http-nio-8080-exec-1][index] Deprecated unwrapped fragment expression "common/header :: header_head" found in template index, line 3, col 7. Please use the complete syntax of fragment expressions instead ("~{common/header :: header_head}"). The old, unwrapped syntax for fragment expressions will be removed in future versions of Thymeleaf.
2026-05-21T14:48:38.435+07:00  WARN 45896 --- [preorder] [nio-8080-exec-1] actStandardFragmentInsertionTagProcessor : [THYMELEAF][http-nio-8080-exec-1][index] Deprecated unwrapped fragment expression "common/menu :: menu" found in template index, line 307, col 14. Please use the complete syntax of fragment expressions instead ("~{common/menu :: menu}"). The old, unwrapped syntax for fragment expressions will be removed in future versions of Thymeleaf.
2026-05-21T14:48:38.444+07:00  WARN 45896 --- [preorder] [nio-8080-exec-1] actStandardFragmentInsertionTagProcessor : [THYMELEAF][http-nio-8080-exec-1][index] Deprecated unwrapped fragment expression "common/header :: header_nav" found in template index, line 310, col 21. Please use the complete syntax of fragment expressions instead ("~{common/header :: header_nav}"). The old, unwrapped syntax for fragment expressions will be removed in future versions of Thymeleaf.
2026-05-21T14:48:38.452+07:00 DEBUG 45896 --- [preorder] [nio-8080-exec-2] o.s.web.servlet.DispatcherServlet        : GET "/mazer/dist/assets/vendors/choices.js/choices.min.css", parameters={}
2026-05-21T14:48:38.453+07:00 DEBUG 45896 --- [preorder] [nio-8080-exec-3] o.s.web.servlet.DispatcherServlet        : GET "/mazer/dist/assets/css/bootstrap.css", parameters={}
2026-05-21T14:48:38.453+07:00 DEBUG 45896 --- [preorder] [nio-8080-exec-5] o.s.web.servlet.DispatcherServlet        : GET "/mazer/dist/assets/vendors/iconly/bold.css", parameters={}
2026-05-21T14:48:38.454+07:00 DEBUG 45896 --- [preorder] [nio-8080-exec-4] o.s.web.servlet.DispatcherServlet        : GET "/mazer/dist/assets/vendors/sweetalert2/sweetalert2.min.css", parameters={}
2026-05-21T14:48:38.454+07:00 DEBUG 45896 --- [preorder] [nio-8080-exec-6] o.s.web.servlet.DispatcherServlet        : GET "/mazer/dist/assets/vendors/simple-datatables/style.css", parameters={}
2026-05-21T14:48:38.464+07:00 DEBUG 45896 --- [preorder] [nio-8080-exec-3] o.s.w.s.handler.SimpleUrlHandlerMapping  : Mapped to ResourceHttpRequestHandler [classpath [META-INF/resources/], classpath [resources/], classpath [static/], classpath [public/], ServletContext [/]]
2026-05-21T14:48:38.464+07:00 DEBUG 45896 --- [preorder] [nio-8080-exec-4] o.s.w.s.handler.SimpleUrlHandlerMapping  : Mapped to ResourceHttpRequestHandler [classpath [META-INF/resources/], classpath [resources/], classpath [static/], classpath [public/], ServletContext [/]]
2026-05-21T14:48:38.464+07:00 DEBUG 45896 --- [preorder] [nio-8080-exec-6] o.s.w.s.handler.SimpleUrlHandlerMapping  : Mapped to ResourceHttpRequestHandler [classpath [META-INF/resources/], classpath [resources/], classpath [static/], classpath [public/], ServletContext [/]]
2026-05-21T14:48:38.466+07:00 DEBUG 45896 --- [preorder] [nio-8080-exec-5] o.s.w.s.handler.SimpleUrlHandlerMapping  : Mapped to ResourceHttpRequestHandler [classpath [META-INF/resources/], classpath [resources/], classpath [static/], classpath [public/], ServletContext [/]]
2026-05-21T14:48:38.471+07:00 DEBUG 45896 --- [preorder] [nio-8080-exec-2] o.s.w.s.handler.SimpleUrlHandlerMapping  : Mapped to ResourceHttpRequestHandler [classpath [META-INF/resources/], classpath [resources/], classpath [static/], classpath [public/], ServletContext [/]]
2026-05-21T14:48:38.479+07:00 DEBUG 45896 --- [preorder] [nio-8080-exec-6] o.s.web.servlet.DispatcherServlet        : Completed 200 OK
2026-05-21T14:48:38.479+07:00 DEBUG 45896 --- [preorder] [nio-8080-exec-3] o.s.web.servlet.DispatcherServlet        : Completed 200 OK
2026-05-21T14:48:38.484+07:00 DEBUG 45896 --- [preorder] [nio-8080-exec-3] o.s.web.servlet.DispatcherServlet        : GET "/mazer/dist/assets/css/app.css", parameters={}
2026-05-21T14:48:38.479+07:00 DEBUG 45896 --- [preorder] [nio-8080-exec-4] o.s.web.servlet.DispatcherServlet        : Completed 200 OK
2026-05-21T14:48:38.485+07:00 DEBUG 45896 --- [preorder] [nio-8080-exec-3] o.s.w.s.handler.SimpleUrlHandlerMapping  : Mapped to ResourceHttpRequestHandler [classpath [META-INF/resources/], classpath [resources/], classpath [static/], classpath [public/], ServletContext [/]]
2026-05-21T14:48:38.486+07:00 DEBUG 45896 --- [preorder] [nio-8080-exec-4] o.s.web.servlet.DispatcherServlet        : GET "/mazer/dist/assets/vendors/fontawesome/all.min.css", parameters={}
2026-05-21T14:48:38.479+07:00 DEBUG 45896 --- [preorder] [nio-8080-exec-2] o.s.web.servlet.DispatcherServlet        : Completed 200 OK
2026-05-21T14:48:38.487+07:00 DEBUG 45896 --- [preorder] [nio-8080-exec-4] o.s.w.s.handler.SimpleUrlHandlerMapping  : Mapped to ResourceHttpRequestHandler [classpath [META-INF/resources/], classpath [resources/], classpath [static/], classpath [public/], ServletContext [/]]
2026-05-21T14:48:38.487+07:00 DEBUG 45896 --- [preorder] [nio-8080-exec-2] o.s.web.servlet.DispatcherServlet        : GET "/mazer/dist/assets/vendors/bootstrap-icons/bootstrap-icons.css", parameters={}
2026-05-21T14:48:38.481+07:00 DEBUG 45896 --- [preorder] [nio-8080-exec-5] o.s.web.servlet.DispatcherServlet        : Completed 200 OK
2026-05-21T14:48:38.488+07:00 DEBUG 45896 --- [preorder] [nio-8080-exec-2] o.s.w.s.handler.SimpleUrlHandlerMapping  : Mapped to ResourceHttpRequestHandler [classpath [META-INF/resources/], classpath [resources/], classpath [static/], classpath [public/], ServletContext [/]]
2026-05-21T14:48:38.489+07:00 DEBUG 45896 --- [preorder] [nio-8080-exec-5] o.s.web.servlet.DispatcherServlet        : GET "/mazer/dist/assets/css/css-style.css", parameters={}
2026-05-21T14:48:38.490+07:00 DEBUG 45896 --- [preorder] [nio-8080-exec-5] o.s.w.s.handler.SimpleUrlHandlerMapping  : Mapped to ResourceHttpRequestHandler [classpath [META-INF/resources/], classpath [resources/], classpath [static/], classpath [public/], ServletContext [/]]
2026-05-21T14:48:38.481+07:00 DEBUG 45896 --- [preorder] [nio-8080-exec-6] o.s.web.servlet.DispatcherServlet        : GET "/mazer/dist/assets/vendors/perfect-scrollbar/perfect-scrollbar.css", parameters={}
2026-05-21T14:48:38.490+07:00 DEBUG 45896 --- [preorder] [nio-8080-exec-3] o.s.web.servlet.DispatcherServlet        : Completed 200 OK
2026-05-21T14:48:38.492+07:00 DEBUG 45896 --- [preorder] [nio-8080-exec-6] o.s.w.s.handler.SimpleUrlHandlerMapping  : Mapped to ResourceHttpRequestHandler [classpath [META-INF/resources/], classpath [resources/], classpath [static/], classpath [public/], ServletContext [/]]
2026-05-21T14:48:38.492+07:00 DEBUG 45896 --- [preorder] [nio-8080-exec-3] o.s.web.servlet.DispatcherServlet        : GET "/css/theme.css", parameters={}
2026-05-21T14:48:38.493+07:00 DEBUG 45896 --- [preorder] [nio-8080-exec-3] o.s.w.s.handler.SimpleUrlHandlerMapping  : Mapped to ResourceHttpRequestHandler [classpath [META-INF/resources/], classpath [resources/], classpath [static/], classpath [public/], ServletContext [/]]
2026-05-21T14:48:38.494+07:00 DEBUG 45896 --- [preorder] [nio-8080-exec-6] o.s.web.servlet.DispatcherServlet        : Completed 200 OK
2026-05-21T14:48:38.498+07:00 DEBUG 45896 --- [preorder] [nio-8080-exec-2] o.s.web.servlet.DispatcherServlet        : Completed 200 OK
2026-05-21T14:48:38.498+07:00 DEBUG 45896 --- [preorder] [nio-8080-exec-5] o.s.web.servlet.DispatcherServlet        : Completed 200 OK
2026-05-21T14:48:38.497+07:00 DEBUG 45896 --- [preorder] [nio-8080-exec-3] o.s.web.servlet.DispatcherServlet        : Completed 200 OK
2026-05-21T14:48:38.498+07:00 DEBUG 45896 --- [preorder] [nio-8080-exec-4] o.s.web.servlet.DispatcherServlet        : Completed 200 OK
2026-05-21T14:48:38.500+07:00 DEBUG 45896 --- [preorder] [nio-8080-exec-5] o.s.web.servlet.DispatcherServlet        : GET "/mazer/dist/assets/images/logo/logo-web.png", parameters={}
2026-05-21T14:48:38.500+07:00 DEBUG 45896 --- [preorder] [nio-8080-exec-5] o.s.w.s.handler.SimpleUrlHandlerMapping  : Mapped to ResourceHttpRequestHandler [classpath [META-INF/resources/], classpath [resources/], classpath [static/], classpath [public/], ServletContext [/]]
2026-05-21T14:48:38.507+07:00  WARN 45896 --- [preorder] [nio-8080-exec-1] actStandardFragmentInsertionTagProcessor : [THYMELEAF][http-nio-8080-exec-1][index] Deprecated unwrapped fragment expression "common/footer :: footer" found in template index, line 484, col 21. Please use the complete syntax of fragment expressions instead ("~{common/footer :: footer}"). The old, unwrapped syntax for fragment expressions will be removed in future versions of Thymeleaf.
2026-05-21T14:48:38.508+07:00 DEBUG 45896 --- [preorder] [nio-8080-exec-5] o.s.web.servlet.DispatcherServlet        : Completed 200 OK
2026-05-21T14:48:38.539+07:00 DEBUG 45896 --- [preorder] [nio-8080-exec-1] o.s.web.servlet.DispatcherServlet        : Completed 200 OK
2026-05-21T14:48:38.545+07:00 DEBUG 45896 --- [preorder] [nio-8080-exec-7] o.s.web.servlet.DispatcherServlet        : GET "/mazer/dist/assets/vendors/bootstrap-icons/fonts/bootstrap-icons.woff?4601c71fb26c9277391ec80789bfde9c", parameters={masked}
2026-05-21T14:48:38.546+07:00 DEBUG 45896 --- [preorder] [nio-8080-exec-7] o.s.w.s.handler.SimpleUrlHandlerMapping  : Mapped to ResourceHttpRequestHandler [classpath [META-INF/resources/], classpath [resources/], classpath [static/], classpath [public/], ServletContext [/]]
2026-05-21T14:48:38.547+07:00 DEBUG 45896 --- [preorder] [nio-8080-exec-9] o.s.web.servlet.DispatcherServlet        : GET "/mazer/dist/assets/vendors/perfect-scrollbar/perfect-scrollbar.min.js", parameters={}
2026-05-21T14:48:38.547+07:00 DEBUG 45896 --- [preorder] [io-8080-exec-10] o.s.web.servlet.DispatcherServlet        : GET "/mazer/dist/assets/js/bootstrap.bundle.min.js", parameters={}
2026-05-21T14:48:38.547+07:00 DEBUG 45896 --- [preorder] [nio-8080-exec-8] o.s.web.servlet.DispatcherServlet        : GET "/mazer/dist/assets/vendors/simple-datatables/simple-datatables.js", parameters={}
2026-05-21T14:48:38.548+07:00 DEBUG 45896 --- [preorder] [nio-8080-exec-9] o.s.w.s.handler.SimpleUrlHandlerMapping  : Mapped to ResourceHttpRequestHandler [classpath [META-INF/resources/], classpath [resources/], classpath [static/], classpath [public/], ServletContext [/]]
2026-05-21T14:48:38.548+07:00 DEBUG 45896 --- [preorder] [nio-8080-exec-6] o.s.web.servlet.DispatcherServlet        : GET "/mazer/dist/assets/vendors/fontawesome/all.min.js", parameters={}
2026-05-21T14:48:38.548+07:00 DEBUG 45896 --- [preorder] [nio-8080-exec-2] o.s.web.servlet.DispatcherServlet        : GET "/mazer/dist/assets/js/extensions/sweetalert2.js", parameters={}
2026-05-21T14:48:38.549+07:00 DEBUG 45896 --- [preorder] [io-8080-exec-10] o.s.w.s.handler.SimpleUrlHandlerMapping  : Mapped to ResourceHttpRequestHandler [classpath [META-INF/resources/], classpath [resources/], classpath [static/], classpath [public/], ServletContext [/]]
2026-05-21T14:48:38.550+07:00 DEBUG 45896 --- [preorder] [nio-8080-exec-2] o.s.w.s.handler.SimpleUrlHandlerMapping  : Mapped to ResourceHttpRequestHandler [classpath [META-INF/resources/], classpath [resources/], classpath [static/], classpath [public/], ServletContext [/]]
2026-05-21T14:48:38.549+07:00 DEBUG 45896 --- [preorder] [nio-8080-exec-8] o.s.w.s.handler.SimpleUrlHandlerMapping  : Mapped to ResourceHttpRequestHandler [classpath [META-INF/resources/], classpath [resources/], classpath [static/], classpath [public/], ServletContext [/]]
2026-05-21T14:48:38.549+07:00 DEBUG 45896 --- [preorder] [nio-8080-exec-6] o.s.w.s.handler.SimpleUrlHandlerMapping  : Mapped to ResourceHttpRequestHandler [classpath [META-INF/resources/], classpath [resources/], classpath [static/], classpath [public/], ServletContext [/]]
2026-05-21T14:48:38.553+07:00 DEBUG 45896 --- [preorder] [nio-8080-exec-2] o.s.web.servlet.DispatcherServlet        : Completed 200 OK
2026-05-21T14:48:38.553+07:00 DEBUG 45896 --- [preorder] [nio-8080-exec-9] o.s.web.servlet.DispatcherServlet        : Completed 200 OK
2026-05-21T14:48:38.556+07:00 DEBUG 45896 --- [preorder] [nio-8080-exec-8] o.s.web.servlet.DispatcherServlet        : Completed 200 OK
2026-05-21T14:48:38.557+07:00 DEBUG 45896 --- [preorder] [io-8080-exec-10] o.s.web.servlet.DispatcherServlet        : Completed 200 OK
2026-05-21T14:48:38.559+07:00 DEBUG 45896 --- [preorder] [nio-8080-exec-9] o.s.web.servlet.DispatcherServlet        : GET "/mazer/dist/assets/vendors/choices.js/choices.min.js", parameters={}
2026-05-21T14:48:38.560+07:00 DEBUG 45896 --- [preorder] [nio-8080-exec-8] o.s.web.servlet.DispatcherServlet        : GET "/mazer/dist/assets/vendors/sweetalert2/sweetalert2.all.min.js", parameters={}
2026-05-21T14:48:38.560+07:00 DEBUG 45896 --- [preorder] [nio-8080-exec-9] o.s.w.s.handler.SimpleUrlHandlerMapping  : Mapped to ResourceHttpRequestHandler [classpath [META-INF/resources/], classpath [resources/], classpath [static/], classpath [public/], ServletContext [/]]
2026-05-21T14:48:38.561+07:00 DEBUG 45896 --- [preorder] [nio-8080-exec-3] o.s.web.servlet.DispatcherServlet        : GET "/script/theme.js", parameters={}
2026-05-21T14:48:38.561+07:00 DEBUG 45896 --- [preorder] [nio-8080-exec-8] o.s.w.s.handler.SimpleUrlHandlerMapping  : Mapped to ResourceHttpRequestHandler [classpath [META-INF/resources/], classpath [resources/], classpath [static/], classpath [public/], ServletContext [/]]
2026-05-21T14:48:38.561+07:00 DEBUG 45896 --- [preorder] [nio-8080-exec-3] o.s.w.s.handler.SimpleUrlHandlerMapping  : Mapped to ResourceHttpRequestHandler [classpath [META-INF/resources/], classpath [resources/], classpath [static/], classpath [public/], ServletContext [/]]
2026-05-21T14:48:38.563+07:00 DEBUG 45896 --- [preorder] [nio-8080-exec-3] o.s.web.servlet.DispatcherServlet        : Completed 200 OK
2026-05-21T14:48:38.563+07:00 DEBUG 45896 --- [preorder] [nio-8080-exec-8] o.s.web.servlet.DispatcherServlet        : Completed 200 OK
2026-05-21T14:48:38.564+07:00 DEBUG 45896 --- [preorder] [nio-8080-exec-2] o.s.web.servlet.DispatcherServlet        : GET "/mazer/dist/assets/js/main.js", parameters={}
2026-05-21T14:48:38.567+07:00 DEBUG 45896 --- [preorder] [nio-8080-exec-9] o.s.web.servlet.DispatcherServlet        : Completed 200 OK
2026-05-21T14:48:38.575+07:00 DEBUG 45896 --- [preorder] [nio-8080-exec-8] o.s.web.servlet.DispatcherServlet        : GET "/mazer/dist/assets/vendors/apexcharts/apexcharts.min.js", parameters={}
2026-05-21T14:48:38.575+07:00 DEBUG 45896 --- [preorder] [nio-8080-exec-2] o.s.w.s.handler.SimpleUrlHandlerMapping  : Mapped to ResourceHttpRequestHandler [classpath [META-INF/resources/], classpath [resources/], classpath [static/], classpath [public/], ServletContext [/]]
2026-05-21T14:48:38.575+07:00 DEBUG 45896 --- [preorder] [nio-8080-exec-8] o.s.w.s.handler.SimpleUrlHandlerMapping  : Mapped to ResourceHttpRequestHandler [classpath [META-INF/resources/], classpath [resources/], classpath [static/], classpath [public/], ServletContext [/]]
2026-05-21T14:48:38.577+07:00 DEBUG 45896 --- [preorder] [nio-8080-exec-2] o.s.web.servlet.DispatcherServlet        : Completed 200 OK
2026-05-21T14:48:38.581+07:00 DEBUG 45896 --- [preorder] [nio-8080-exec-6] o.s.web.servlet.DispatcherServlet        : Completed 200 OK
2026-05-21T14:48:38.580+07:00 DEBUG 45896 --- [preorder] [nio-8080-exec-8] o.s.web.servlet.DispatcherServlet        : Completed 200 OK
2026-05-21T14:48:38.593+07:00 DEBUG 45896 --- [preorder] [nio-8080-exec-7] o.s.web.servlet.DispatcherServlet        : Completed 200 OK
2026-05-21T14:48:38.611+07:00 DEBUG 45896 --- [preorder] [nio-8080-exec-4] o.s.web.servlet.DispatcherServlet        : GET "/settings/theme", parameters={}
2026-05-21T14:48:38.612+07:00 DEBUG 45896 --- [preorder] [nio-8080-exec-4] s.w.s.m.m.a.RequestMappingHandlerMapping : Mapped to com.sriundee.preorder.controller.SettingController#getTheme()
2026-05-21T14:48:38.614+07:00 DEBUG 45896 --- [preorder] [nio-8080-exec-4] org.hibernate.SQL                        : select lv1_0.id_log_version,lv1_0.lv_date,lv1_0.lv_version from t_log_version lv1_0 order by lv1_0.id_log_version desc limit ?
Hibernate: select lv1_0.id_log_version,lv1_0.lv_date,lv1_0.lv_version from t_log_version lv1_0 order by lv1_0.id_log_version desc limit ?
2026-05-21T14:48:38.615+07:00 TRACE 45896 --- [preorder] [nio-8080-exec-4] org.hibernate.orm.jdbc.bind              : binding parameter (1:INTEGER) <- [1]
2026-05-21T14:48:38.617+07:00  WARN 45896 --- [preorder] [nio-8080-exec-4] o.h.engine.jdbc.spi.SqlExceptionHelper   : SQL Error: 1146, SQLState: 42S02
2026-05-21T14:48:38.618+07:00 ERROR 45896 --- [preorder] [nio-8080-exec-4] o.h.engine.jdbc.spi.SqlExceptionHelper   : Table 'db_sriundee_shop.t_log_version' doesn't exist
2026-05-21T14:48:38.619+07:00 DEBUG 45896 --- [preorder] [nio-8080-exec-4] org.hibernate.SQL                        : select s1_0.id_setting,s1_0.s_key,s1_0.s_value from t_settings s1_0 where s1_0.s_key=?
Hibernate: select s1_0.id_setting,s1_0.s_key,s1_0.s_value from t_settings s1_0 where s1_0.s_key=?
2026-05-21T14:48:38.620+07:00 TRACE 45896 --- [preorder] [nio-8080-exec-4] org.hibernate.orm.jdbc.bind              : binding parameter (1:VARCHAR) <- [theme_mode]
2026-05-21T14:48:38.623+07:00 DEBUG 45896 --- [preorder] [nio-8080-exec-4] org.hibernate.SQL                        : select s1_0.id_setting,s1_0.s_key,s1_0.s_value from t_settings s1_0 where s1_0.s_key=?
Hibernate: select s1_0.id_setting,s1_0.s_key,s1_0.s_value from t_settings s1_0 where s1_0.s_key=?
2026-05-21T14:48:38.623+07:00 TRACE 45896 --- [preorder] [nio-8080-exec-4] org.hibernate.orm.jdbc.bind              : binding parameter (1:VARCHAR) <- [theme_mode]
2026-05-21T14:48:38.635+07:00 DEBUG 45896 --- [preorder] [nio-8080-exec-4] o.s.w.s.m.m.a.HttpEntityMethodProcessor  : Using 'application/json', given [*/*] and supported [application/json, application/*+json]
2026-05-21T14:48:38.636+07:00 DEBUG 45896 --- [preorder] [nio-8080-exec-4] o.s.w.s.m.m.a.HttpEntityMethodProcessor  : Writing [{theme=dark}]
2026-05-21T14:48:38.646+07:00 DEBUG 45896 --- [preorder] [nio-8080-exec-4] o.s.web.servlet.DispatcherServlet        : Completed 200 OK
2026-05-21T14:48:42.931+07:00 DEBUG 45896 --- [preorder] [nio-8080-exec-5] o.s.web.servlet.DispatcherServlet        : GET "/reports", parameters={}
2026-05-21T14:48:42.933+07:00 DEBUG 45896 --- [preorder] [nio-8080-exec-5] s.w.s.m.m.a.RequestMappingHandlerMapping : Mapped to com.sriundee.preorder.controller.ReportController#index(String, String, Model)
2026-05-21T14:48:42.934+07:00 DEBUG 45896 --- [preorder] [nio-8080-exec-5] org.hibernate.SQL                        : select lv1_0.id_log_version,lv1_0.lv_date,lv1_0.lv_version from t_log_version lv1_0 order by lv1_0.id_log_version desc limit ?
Hibernate: select lv1_0.id_log_version,lv1_0.lv_date,lv1_0.lv_version from t_log_version lv1_0 order by lv1_0.id_log_version desc limit ?
2026-05-21T14:48:42.935+07:00 TRACE 45896 --- [preorder] [nio-8080-exec-5] org.hibernate.orm.jdbc.bind              : binding parameter (1:INTEGER) <- [1]
2026-05-21T14:48:42.936+07:00  WARN 45896 --- [preorder] [nio-8080-exec-5] o.h.engine.jdbc.spi.SqlExceptionHelper   : SQL Error: 1146, SQLState: 42S02
2026-05-21T14:48:42.936+07:00 ERROR 45896 --- [preorder] [nio-8080-exec-5] o.h.engine.jdbc.spi.SqlExceptionHelper   : Table 'db_sriundee_shop.t_log_version' doesn't exist
2026-05-21T14:48:42.938+07:00 DEBUG 45896 --- [preorder] [nio-8080-exec-5] org.hibernate.SQL                        : select s1_0.id_setting,s1_0.s_key,s1_0.s_value from t_settings s1_0 where s1_0.s_key=?
Hibernate: select s1_0.id_setting,s1_0.s_key,s1_0.s_value from t_settings s1_0 where s1_0.s_key=?
2026-05-21T14:48:42.939+07:00 TRACE 45896 --- [preorder] [nio-8080-exec-5] org.hibernate.orm.jdbc.bind              : binding parameter (1:VARCHAR) <- [theme_mode]
2026-05-21T14:48:42.942+07:00 DEBUG 45896 --- [preorder] [nio-8080-exec-5] o.s.jdbc.core.JdbcTemplate               : Executing prepared SQL query
2026-05-21T14:48:42.943+07:00 DEBUG 45896 --- [preorder] [nio-8080-exec-5] o.s.jdbc.core.JdbcTemplate               : Executing prepared SQL statement [SELECT COALESCE(SUM(CAST(REPLACE(c_price, ',', '') AS DECIMAL(14,2))), 0)
FROM q_income
WHERE c_delete = 'A'
  AND c_create_date BETWEEN ? AND ?
]
2026-05-21T14:48:42.943+07:00 DEBUG 45896 --- [preorder] [nio-8080-exec-5] o.s.jdbc.datasource.DataSourceUtils      : Fetching JDBC Connection from DataSource
2026-05-21T14:48:42.945+07:00 DEBUG 45896 --- [preorder] [nio-8080-exec-5] o.s.jdbc.core.JdbcTemplate               : Executing prepared SQL query
2026-05-21T14:48:42.945+07:00 DEBUG 45896 --- [preorder] [nio-8080-exec-5] o.s.jdbc.core.JdbcTemplate               : Executing prepared SQL statement [SELECT COALESCE(SUM(CAST(REPLACE(c_price, ',', '') AS DECIMAL(14,2))), 0)
FROM q_cost
WHERE c_delete = 'A'
  AND c_create_date BETWEEN ? AND ?
]
2026-05-21T14:48:42.945+07:00 DEBUG 45896 --- [preorder] [nio-8080-exec-5] o.s.jdbc.datasource.DataSourceUtils      : Fetching JDBC Connection from DataSource
2026-05-21T14:48:42.946+07:00 DEBUG 45896 --- [preorder] [nio-8080-exec-5] o.s.jdbc.core.JdbcTemplate               : Executing prepared SQL query
2026-05-21T14:48:42.947+07:00 DEBUG 45896 --- [preorder] [nio-8080-exec-5] o.s.jdbc.core.JdbcTemplate               : Executing prepared SQL statement [SELECT COALESCE(SUM(CASE WHEN ID_pay_method = 2 THEN o_price_balance ELSE 0 END), 0)
FROM q_order
WHERE o_order_date BETWEEN ? AND ?
]
2026-05-21T14:48:42.947+07:00 DEBUG 45896 --- [preorder] [nio-8080-exec-5] o.s.jdbc.datasource.DataSourceUtils      : Fetching JDBC Connection from DataSource
2026-05-21T14:48:42.948+07:00 DEBUG 45896 --- [preorder] [nio-8080-exec-5] o.s.jdbc.core.JdbcTemplate               : Executing prepared SQL query
2026-05-21T14:48:42.948+07:00 DEBUG 45896 --- [preorder] [nio-8080-exec-5] o.s.jdbc.core.JdbcTemplate               : Executing prepared SQL statement [SELECT COALESCE(SUM(o_net), 0)
FROM q_order
WHERE o_order_date BETWEEN ? AND ?
]
2026-05-21T14:48:42.948+07:00 DEBUG 45896 --- [preorder] [nio-8080-exec-5] o.s.jdbc.datasource.DataSourceUtils      : Fetching JDBC Connection from DataSource
2026-05-21T14:48:42.949+07:00 DEBUG 45896 --- [preorder] [nio-8080-exec-5] o.s.jdbc.core.JdbcTemplate               : Executing prepared SQL query
2026-05-21T14:48:42.949+07:00 DEBUG 45896 --- [preorder] [nio-8080-exec-5] o.s.jdbc.core.JdbcTemplate               : Executing prepared SQL statement [SELECT COUNT(*)
FROM q_order
WHERE ID_pay_method = 2
  AND COALESCE(o_price_balance, 0) > 0
  AND o_order_date BETWEEN ? AND ?
]
2026-05-21T14:48:42.949+07:00 DEBUG 45896 --- [preorder] [nio-8080-exec-5] o.s.jdbc.datasource.DataSourceUtils      : Fetching JDBC Connection from DataSource
2026-05-21T14:48:42.951+07:00 DEBUG 45896 --- [preorder] [nio-8080-exec-5] org.hibernate.SQL                        : SELECT ID_menu ,m_name ,m_parent ,m_ID_menu ,m_url ,m_icon
FROM t_menu
WHERE m_ID_menu IS NULL
ORDER BY CASE WHEN ID_menu = 14 THEN 1.5 WHEN ID_menu = 12 THEN 7.5 WHEN ID_menu = 13 THEN 7.6 ELSE ID_menu END

Hibernate: SELECT ID_menu ,m_name ,m_parent ,m_ID_menu ,m_url ,m_icon
FROM t_menu
WHERE m_ID_menu IS NULL
ORDER BY CASE WHEN ID_menu = 14 THEN 1.5 WHEN ID_menu = 12 THEN 7.5 WHEN ID_menu = 13 THEN 7.6 ELSE ID_menu END

2026-05-21T14:48:42.954+07:00 DEBUG 45896 --- [preorder] [nio-8080-exec-5] org.hibernate.SQL                        : SELECT ID_menu ,m_name ,m_parent ,m_ID_menu ,m_url ,m_icon FROM t_menu WHERE m_ID_menu = ? ORDER BY ID_menu
Hibernate: SELECT ID_menu ,m_name ,m_parent ,m_ID_menu ,m_url ,m_icon FROM t_menu WHERE m_ID_menu = ? ORDER BY ID_menu
2026-05-21T14:48:42.954+07:00 TRACE 45896 --- [preorder] [nio-8080-exec-5] org.hibernate.orm.jdbc.bind              : binding parameter (1:INTEGER) <- [2]
2026-05-21T14:48:42.958+07:00 DEBUG 45896 --- [preorder] [nio-8080-exec-5] o.s.jdbc.core.JdbcTemplate               : Executing prepared SQL query
2026-05-21T14:48:42.959+07:00 DEBUG 45896 --- [preorder] [nio-8080-exec-5] o.s.jdbc.core.JdbcTemplate               : Executing prepared SQL statement [SELECT period,
       SUM(sales) AS sales,
       SUM(income) AS income,
       SUM(expense) AS expense,
       SUM(receivable) AS receivable
FROM (
    SELECT DATE_FORMAT(o_order_date, '%m/%Y') AS period,
           DATE_FORMAT(o_order_date, '%Y-%m') AS sort_period,
           SUM(o_net) AS sales, 0 AS income, 0 AS expense,
           SUM(CASE WHEN ID_pay_method = 2 THEN o_price_balance ELSE 0 END) AS receivable
    FROM q_order
    WHERE o_order_date BETWEEN ? AND ?
    GROUP BY DATE_FORMAT(o_order_date, '%m/%Y'), DATE_FORMAT(o_order_date, '%Y-%m')
    UNION ALL
    SELECT DATE_FORMAT(c_create_date, '%m/%Y'), DATE_FORMAT(c_create_date, '%Y-%m'),
           0, SUM(CAST(REPLACE(c_price, ',', '') AS DECIMAL(14,2))), 0, 0
    FROM q_income
    WHERE c_delete = 'A' AND c_create_date BETWEEN ? AND ?
    GROUP BY DATE_FORMAT(c_create_date, '%m/%Y'), DATE_FORMAT(c_create_date, '%Y-%m')
    UNION ALL
    SELECT DATE_FORMAT(c_create_date, '%m/%Y'), DATE_FORMAT(c_create_date, '%Y-%m'),
           0, 0, SUM(CAST(REPLACE(c_price, ',', '') AS DECIMAL(14,2))), 0
    FROM q_cost
    WHERE c_delete = 'A' AND c_create_date BETWEEN ? AND ?
    GROUP BY DATE_FORMAT(c_create_date, '%m/%Y'), DATE_FORMAT(c_create_date, '%Y-%m')
) report_month
GROUP BY period, sort_period
ORDER BY sort_period
]
2026-05-21T14:48:42.960+07:00 DEBUG 45896 --- [preorder] [nio-8080-exec-5] o.s.jdbc.datasource.DataSourceUtils      : Fetching JDBC Connection from DataSource
2026-05-21T14:48:42.962+07:00 DEBUG 45896 --- [preorder] [nio-8080-exec-5] o.s.jdbc.core.JdbcTemplate               : Executing prepared SQL query
2026-05-21T14:48:42.962+07:00 DEBUG 45896 --- [preorder] [nio-8080-exec-5] o.s.jdbc.core.JdbcTemplate               : Executing prepared SQL statement [SELECT COALESCE(SUM(CAST(REPLACE(c_price, ',', '') AS DECIMAL(14,2))), 0)
FROM q_income
WHERE c_delete = 'A'
  AND ID_type_income = ?
  AND c_create_date BETWEEN ? AND ?
]
2026-05-21T14:48:42.962+07:00 DEBUG 45896 --- [preorder] [nio-8080-exec-5] o.s.jdbc.datasource.DataSourceUtils      : Fetching JDBC Connection from DataSource
2026-05-21T14:48:42.963+07:00 DEBUG 45896 --- [preorder] [nio-8080-exec-5] o.s.jdbc.core.JdbcTemplate               : Executing prepared SQL query
2026-05-21T14:48:42.963+07:00 DEBUG 45896 --- [preorder] [nio-8080-exec-5] o.s.jdbc.core.JdbcTemplate               : Executing prepared SQL statement [SELECT COALESCE(SUM(CAST(REPLACE(c_price, ',', '') AS DECIMAL(14,2))), 0)
FROM q_income
WHERE c_delete = 'A'
  AND ID_type_income = ?
  AND c_create_date BETWEEN ? AND ?
]
2026-05-21T14:48:42.963+07:00 DEBUG 45896 --- [preorder] [nio-8080-exec-5] o.s.jdbc.datasource.DataSourceUtils      : Fetching JDBC Connection from DataSource
2026-05-21T14:48:42.965+07:00 DEBUG 45896 --- [preorder] [nio-8080-exec-5] o.s.jdbc.core.JdbcTemplate               : Executing prepared SQL query
2026-05-21T14:48:42.965+07:00 DEBUG 45896 --- [preorder] [nio-8080-exec-5] o.s.jdbc.core.JdbcTemplate               : Executing prepared SQL statement [SELECT COALESCE(SUM(CAST(REPLACE(c_price, ',', '') AS DECIMAL(14,2))), 0)
FROM q_income
WHERE c_delete = 'A'
  AND ID_type_income = ?
  AND c_create_date BETWEEN ? AND ?
]
2026-05-21T14:48:42.965+07:00 DEBUG 45896 --- [preorder] [nio-8080-exec-5] o.s.jdbc.datasource.DataSourceUtils      : Fetching JDBC Connection from DataSource
2026-05-21T14:48:42.966+07:00 DEBUG 45896 --- [preorder] [nio-8080-exec-5] o.s.jdbc.core.JdbcTemplate               : Executing prepared SQL query
2026-05-21T14:48:42.966+07:00 DEBUG 45896 --- [preorder] [nio-8080-exec-5] o.s.jdbc.core.JdbcTemplate               : Executing prepared SQL statement [SELECT i.c_create_date, o.o_order_code, i.c_customer_name, i.ti_name, i.c_note, i.c_price
FROM q_income i
LEFT JOIN t_order o ON o.ID_order = i.ID_order
WHERE i.c_delete = 'A'
  AND i.c_create_date BETWEEN ? AND ?
ORDER BY i.c_create_date DESC, i.ID_income DESC
]
2026-05-21T14:48:42.966+07:00 DEBUG 45896 --- [preorder] [nio-8080-exec-5] o.s.jdbc.datasource.DataSourceUtils      : Fetching JDBC Connection from DataSource
2026-05-21T14:48:42.967+07:00 DEBUG 45896 --- [preorder] [nio-8080-exec-5] o.s.jdbc.core.JdbcTemplate               : Executing prepared SQL query
2026-05-21T14:48:42.967+07:00 DEBUG 45896 --- [preorder] [nio-8080-exec-5] o.s.jdbc.core.JdbcTemplate               : Executing prepared SQL statement [SELECT o.o_order_code, o.o_order_date, o.o_customer_name, o.o_net,
       o.o_price_pledge, o.o_price_balance,
       COALESCE(GROUP_CONCAT(DISTINCT os.os_name ORDER BY os.ID_order_status SEPARATOR ', '), '-') AS statuses
FROM q_order o
LEFT JOIN t_order_detail od ON od.ID_order = o.ID_order
LEFT JOIN t_order_status os ON os.ID_order_status = od.ID_order_status
WHERE o.ID_pay_method = 2
  AND COALESCE(o.o_price_balance, 0) > 0
  AND o.o_order_date BETWEEN ? AND ?
GROUP BY o.ID_order, o.o_order_code, o.o_order_date, o.o_customer_name,
         o.o_net, o.o_price_pledge, o.o_price_balance
ORDER BY o.o_order_date DESC, o.ID_order DESC
]
2026-05-21T14:48:42.967+07:00 DEBUG 45896 --- [preorder] [nio-8080-exec-5] o.s.jdbc.datasource.DataSourceUtils      : Fetching JDBC Connection from DataSource
2026-05-21T14:48:42.969+07:00 DEBUG 45896 --- [preorder] [nio-8080-exec-5] o.s.jdbc.core.JdbcTemplate               : Executing prepared SQL query
2026-05-21T14:48:42.969+07:00 DEBUG 45896 --- [preorder] [nio-8080-exec-5] o.s.jdbc.core.JdbcTemplate               : Executing prepared SQL statement [SELECT COALESCE(SUM(CAST(REPLACE(c_price, ',', '') AS DECIMAL(14,2))), 0)
FROM q_cost
WHERE c_delete = 'A'
  AND ID_type_cost = ?
  AND c_create_date BETWEEN ? AND ?
]
2026-05-21T14:48:42.970+07:00 DEBUG 45896 --- [preorder] [nio-8080-exec-5] o.s.jdbc.datasource.DataSourceUtils      : Fetching JDBC Connection from DataSource
2026-05-21T14:48:42.970+07:00 DEBUG 45896 --- [preorder] [nio-8080-exec-5] o.s.jdbc.core.JdbcTemplate               : Executing prepared SQL query
2026-05-21T14:48:42.970+07:00 DEBUG 45896 --- [preorder] [nio-8080-exec-5] o.s.jdbc.core.JdbcTemplate               : Executing prepared SQL statement [SELECT COALESCE(SUM(CAST(REPLACE(c_price, ',', '') AS DECIMAL(14,2))), 0)
FROM q_cost
WHERE c_delete = 'A'
  AND ID_type_cost = ?
  AND c_create_date BETWEEN ? AND ?
]
2026-05-21T14:48:42.972+07:00 DEBUG 45896 --- [preorder] [nio-8080-exec-5] o.s.jdbc.datasource.DataSourceUtils      : Fetching JDBC Connection from DataSource
2026-05-21T14:48:42.973+07:00 DEBUG 45896 --- [preorder] [nio-8080-exec-5] o.s.jdbc.core.JdbcTemplate               : Executing prepared SQL query
2026-05-21T14:48:42.974+07:00 DEBUG 45896 --- [preorder] [nio-8080-exec-5] o.s.jdbc.core.JdbcTemplate               : Executing prepared SQL statement [SELECT COALESCE(SUM(CAST(REPLACE(c_price, ',', '') AS DECIMAL(14,2))), 0)
FROM q_cost
WHERE c_delete = 'A'
  AND ID_type_cost = ?
  AND c_create_date BETWEEN ? AND ?
]
2026-05-21T14:48:42.974+07:00 DEBUG 45896 --- [preorder] [nio-8080-exec-5] o.s.jdbc.datasource.DataSourceUtils      : Fetching JDBC Connection from DataSource
2026-05-21T14:48:42.975+07:00 DEBUG 45896 --- [preorder] [nio-8080-exec-5] o.s.jdbc.core.JdbcTemplate               : Executing prepared SQL query
2026-05-21T14:48:42.976+07:00 DEBUG 45896 --- [preorder] [nio-8080-exec-5] o.s.jdbc.core.JdbcTemplate               : Executing prepared SQL statement [SELECT c_create_date, tc_name, c_note, c_delete, c_price
FROM q_cost
WHERE c_delete = 'A'
  AND c_create_date BETWEEN ? AND ?
ORDER BY c_create_date DESC, ID_cost DESC
]
2026-05-21T14:48:42.976+07:00 DEBUG 45896 --- [preorder] [nio-8080-exec-5] o.s.jdbc.datasource.DataSourceUtils      : Fetching JDBC Connection from DataSource
2026-05-21T14:48:42.977+07:00 DEBUG 45896 --- [preorder] [nio-8080-exec-5] o.s.jdbc.core.JdbcTemplate               : Executing prepared SQL query
2026-05-21T14:48:42.978+07:00 DEBUG 45896 --- [preorder] [nio-8080-exec-5] o.s.jdbc.core.JdbcTemplate               : Executing prepared SQL statement [SELECT COALESCE(SUM(CAST(REPLACE(c_price, ',', '') AS DECIMAL(14,2))), 0)
FROM q_income
WHERE c_delete = 'A'
  AND ID_type_income = ?
  AND c_create_date BETWEEN ? AND ?
]
2026-05-21T14:48:42.978+07:00 DEBUG 45896 --- [preorder] [nio-8080-exec-5] o.s.jdbc.datasource.DataSourceUtils      : Fetching JDBC Connection from DataSource
2026-05-21T14:48:42.980+07:00 DEBUG 45896 --- [preorder] [nio-8080-exec-5] o.s.jdbc.core.JdbcTemplate               : Executing prepared SQL query
2026-05-21T14:48:42.980+07:00 DEBUG 45896 --- [preorder] [nio-8080-exec-5] o.s.jdbc.core.JdbcTemplate               : Executing prepared SQL statement [SELECT COALESCE(SUM(CAST(REPLACE(c_price, ',', '') AS DECIMAL(14,2))), 0)
FROM q_income
WHERE c_delete = 'A'
  AND ID_type_income = ?
  AND c_create_date BETWEEN ? AND ?
]
2026-05-21T14:48:42.980+07:00 DEBUG 45896 --- [preorder] [nio-8080-exec-5] o.s.jdbc.datasource.DataSourceUtils      : Fetching JDBC Connection from DataSource
2026-05-21T14:48:42.981+07:00 DEBUG 45896 --- [preorder] [nio-8080-exec-5] o.s.jdbc.core.JdbcTemplate               : Executing prepared SQL query
2026-05-21T14:48:42.981+07:00 DEBUG 45896 --- [preorder] [nio-8080-exec-5] o.s.jdbc.core.JdbcTemplate               : Executing prepared SQL statement [SELECT COALESCE(SUM(CAST(REPLACE(c_price, ',', '') AS DECIMAL(14,2))), 0)
FROM q_income
WHERE c_delete = 'A'
  AND ID_type_income = ?
  AND c_create_date BETWEEN ? AND ?
]
2026-05-21T14:48:42.982+07:00 DEBUG 45896 --- [preorder] [nio-8080-exec-5] o.s.jdbc.datasource.DataSourceUtils      : Fetching JDBC Connection from DataSource
2026-05-21T14:48:42.982+07:00 DEBUG 45896 --- [preorder] [nio-8080-exec-5] o.s.jdbc.core.JdbcTemplate               : Executing prepared SQL query
2026-05-21T14:48:42.983+07:00 DEBUG 45896 --- [preorder] [nio-8080-exec-5] o.s.jdbc.core.JdbcTemplate               : Executing prepared SQL statement [SELECT COALESCE(SUM(CAST(REPLACE(c_price, ',', '') AS DECIMAL(14,2))), 0)
FROM q_cost
WHERE c_delete = 'A'
  AND c_create_date BETWEEN ? AND ?
]
2026-05-21T14:48:42.983+07:00 DEBUG 45896 --- [preorder] [nio-8080-exec-5] o.s.jdbc.datasource.DataSourceUtils      : Fetching JDBC Connection from DataSource
2026-05-21T14:48:42.984+07:00 DEBUG 45896 --- [preorder] [nio-8080-exec-5] o.s.jdbc.core.JdbcTemplate               : Executing prepared SQL query
2026-05-21T14:48:42.984+07:00 DEBUG 45896 --- [preorder] [nio-8080-exec-5] o.s.jdbc.core.JdbcTemplate               : Executing prepared SQL statement [SELECT COALESCE(SUM(od.od_qty), 0)
FROM t_order_detail od
JOIN t_order o ON o.ID_order = od.ID_order
WHERE o.o_order_date BETWEEN ? AND ?
]
2026-05-21T14:48:42.984+07:00 DEBUG 45896 --- [preorder] [nio-8080-exec-5] o.s.jdbc.datasource.DataSourceUtils      : Fetching JDBC Connection from DataSource
2026-05-21T14:48:42.985+07:00 DEBUG 45896 --- [preorder] [nio-8080-exec-5] o.s.jdbc.core.JdbcTemplate               : Executing prepared SQL query
2026-05-21T14:48:42.985+07:00 DEBUG 45896 --- [preorder] [nio-8080-exec-5] o.s.jdbc.core.JdbcTemplate               : Executing prepared SQL statement [SELECT p.p_name, a.a_name, ty.t_name,
       SUM(od.od_qty) AS qty,
       SUM(od.od_price_total) AS sales,
       SUM(od.od_price_pledge) AS pledge,
       SUM(CASE WHEN o.ID_pay_method = 2 THEN od.od_price_balance ELSE 0 END) AS balance
FROM t_order_detail od
JOIN t_order o ON o.ID_order = od.ID_order
JOIN t_cover c ON c.ID_cover = od.ID_cover
JOIN t_product p ON p.ID_product = c.ID_pro
JOIN t_artist a ON a.ID_art = p.ID_art
JOIN t_type ty ON ty.ID_type = p.ID_type
WHERE o.o_order_date BETWEEN ? AND ?
GROUP BY p.ID_product, p.p_name, a.a_name, ty.t_name
ORDER BY qty DESC, p.p_name
]
2026-05-21T14:48:42.985+07:00 DEBUG 45896 --- [preorder] [nio-8080-exec-5] o.s.jdbc.datasource.DataSourceUtils      : Fetching JDBC Connection from DataSource
2026-05-21T14:48:42.986+07:00 DEBUG 45896 --- [preorder] [nio-8080-exec-5] o.s.jdbc.core.JdbcTemplate               : Executing prepared SQL query
2026-05-21T14:48:42.987+07:00 DEBUG 45896 --- [preorder] [nio-8080-exec-5] o.s.jdbc.core.JdbcTemplate               : Executing prepared SQL statement [SELECT p.p_name, w.w_name, v.v_name, c.c_name,
       SUM(od.od_qty) AS ordered,
       SUM(CASE WHEN od.ID_order_status >= 2 THEN od.od_qty ELSE 0 END) AS pressed,
       SUM(CASE WHEN od.ID_order_status >= 3 THEN od.od_qty ELSE 0 END) AS in_lot,
       SUM(CASE WHEN od.ID_order_status >= 4 THEN od.od_qty ELSE 0 END) AS arrived,
       SUM(CASE WHEN od.ID_order_status = 5 THEN od.od_qty ELSE 0 END) AS sent
FROM t_order_detail od
JOIN t_order o ON o.ID_order = od.ID_order
JOIN t_cover c ON c.ID_cover = od.ID_cover
JOIN t_product p ON p.ID_product = c.ID_pro
JOIN t_website w ON w.ID_web = c.ID_web
JOIN t_version v ON v.ID_ver = c.ID_ver
WHERE o.o_order_date BETWEEN ? AND ?
GROUP BY c.ID_cover, p.p_name, w.w_name, v.v_name, c.c_name
ORDER BY p.p_name, w.w_name, v.v_name, c.c_name
]
2026-05-21T14:48:42.987+07:00 DEBUG 45896 --- [preorder] [nio-8080-exec-5] o.s.jdbc.datasource.DataSourceUtils      : Fetching JDBC Connection from DataSource
2026-05-21T14:48:42.988+07:00 DEBUG 45896 --- [preorder] [nio-8080-exec-5] o.s.jdbc.core.JdbcTemplate               : Executing prepared SQL query
2026-05-21T14:48:42.989+07:00 DEBUG 45896 --- [preorder] [nio-8080-exec-5] o.s.jdbc.core.JdbcTemplate               : Executing prepared SQL statement [SELECT l.l_lot_number, l.l_create_date, l.l_start_date, l.l_end_date, l.l_arrive_date,
       COUNT(DISTINCT ld.ID_lot_detail) AS detail_count,
       COALESCE(SUM(od.od_qty), 0) AS qty,
       COALESCE(SUM(od.od_price_total), 0) AS value
FROM t_lot l
LEFT JOIN t_lot_detail ld ON ld.ID_lot = l.ID_lot
LEFT JOIN t_order_detail od ON od.ID_order_detail = ld.ID_order_detail
WHERE l.l_delete = 'A'
  AND l.l_create_date BETWEEN ? AND ?
GROUP BY l.ID_lot, l.l_lot_number, l.l_create_date, l.l_start_date, l.l_end_date, l.l_arrive_date
ORDER BY l.l_create_date DESC, l.ID_lot DESC
]
2026-05-21T14:48:42.989+07:00 DEBUG 45896 --- [preorder] [nio-8080-exec-5] o.s.jdbc.datasource.DataSourceUtils      : Fetching JDBC Connection from DataSource
2026-05-21T14:48:42.991+07:00 DEBUG 45896 --- [preorder] [nio-8080-exec-5] o.s.jdbc.core.JdbcTemplate               : Executing prepared SQL query
2026-05-21T14:48:42.992+07:00 DEBUG 45896 --- [preorder] [nio-8080-exec-5] o.s.jdbc.core.JdbcTemplate               : Executing prepared SQL statement [SELECT os.os_name, os.os_color,
       COUNT(od.ID_order_detail) AS details,
       COALESCE(SUM(od.od_qty), 0) AS qty,
       COALESCE(SUM(od.od_price_total), 0) AS value,
       COALESCE(SUM(CASE WHEN o.ID_pay_method = 2 THEN od.od_price_balance ELSE 0 END), 0) AS balance
FROM t_order_detail od
JOIN t_order o ON o.ID_order = od.ID_order
JOIN t_order_status os ON os.ID_order_status = od.ID_order_status
WHERE o.o_order_date BETWEEN ? AND ?
GROUP BY os.ID_order_status, os.os_name, os.os_color
ORDER BY os.ID_order_status
]
2026-05-21T14:48:42.992+07:00 DEBUG 45896 --- [preorder] [nio-8080-exec-5] o.s.jdbc.datasource.DataSourceUtils      : Fetching JDBC Connection from DataSource
2026-05-21T14:48:42.994+07:00 DEBUG 45896 --- [preorder] [nio-8080-exec-5] o.s.w.s.v.ContentNegotiatingViewResolver : Selected '*/*' given [*/*]
2026-05-21T14:48:42.995+07:00  WARN 45896 --- [preorder] [nio-8080-exec-5] actStandardFragmentInsertionTagProcessor : [THYMELEAF][http-nio-8080-exec-5][report/index] Deprecated unwrapped fragment expression "common/header :: header_head" found in template report/index, line 3, col 7. Please use the complete syntax of fragment expressions instead ("~{common/header :: header_head}"). The old, unwrapped syntax for fragment expressions will be removed in future versions of Thymeleaf.
2026-05-21T14:48:42.998+07:00  WARN 45896 --- [preorder] [nio-8080-exec-5] actStandardFragmentInsertionTagProcessor : [THYMELEAF][http-nio-8080-exec-5][report/index] Deprecated unwrapped fragment expression "common/menu :: menu" found in template report/index, line 148, col 14. Please use the complete syntax of fragment expressions instead ("~{common/menu :: menu}"). The old, unwrapped syntax for fragment expressions will be removed in future versions of Thymeleaf.
2026-05-21T14:48:43.000+07:00  WARN 45896 --- [preorder] [nio-8080-exec-5] actStandardFragmentInsertionTagProcessor : [THYMELEAF][http-nio-8080-exec-5][report/index] Deprecated unwrapped fragment expression "common/header :: header_nav" found in template report/index, line 151, col 21. Please use the complete syntax of fragment expressions instead ("~{common/header :: header_nav}"). The old, unwrapped syntax for fragment expressions will be removed in future versions of Thymeleaf.
2026-05-21T14:48:43.018+07:00  WARN 45896 --- [preorder] [nio-8080-exec-5] actStandardFragmentInsertionTagProcessor : [THYMELEAF][http-nio-8080-exec-5][report/index] Deprecated unwrapped fragment expression "common/footer :: footer" found in template report/index, line 354, col 21. Please use the complete syntax of fragment expressions instead ("~{common/footer :: footer}"). The old, unwrapped syntax for fragment expressions will be removed in future versions of Thymeleaf.
2026-05-21T14:48:43.020+07:00 DEBUG 45896 --- [preorder] [nio-8080-exec-5] o.s.web.servlet.DispatcherServlet        : Completed 200 OK
2026-05-21T14:48:43.379+07:00 DEBUG 45896 --- [preorder] [io-8080-exec-10] o.s.web.servlet.DispatcherServlet        : GET "/reports", parameters={}
2026-05-21T14:48:43.380+07:00 DEBUG 45896 --- [preorder] [io-8080-exec-10] s.w.s.m.m.a.RequestMappingHandlerMapping : Mapped to com.sriundee.preorder.controller.ReportController#index(String, String, Model)
2026-05-21T14:48:43.381+07:00 DEBUG 45896 --- [preorder] [io-8080-exec-10] org.hibernate.SQL                        : select lv1_0.id_log_version,lv1_0.lv_date,lv1_0.lv_version from t_log_version lv1_0 order by lv1_0.id_log_version desc limit ?
Hibernate: select lv1_0.id_log_version,lv1_0.lv_date,lv1_0.lv_version from t_log_version lv1_0 order by lv1_0.id_log_version desc limit ?
2026-05-21T14:48:43.383+07:00 TRACE 45896 --- [preorder] [io-8080-exec-10] org.hibernate.orm.jdbc.bind              : binding parameter (1:INTEGER) <- [1]
2026-05-21T14:48:43.384+07:00  WARN 45896 --- [preorder] [io-8080-exec-10] o.h.engine.jdbc.spi.SqlExceptionHelper   : SQL Error: 1146, SQLState: 42S02
2026-05-21T14:48:43.384+07:00 ERROR 45896 --- [preorder] [io-8080-exec-10] o.h.engine.jdbc.spi.SqlExceptionHelper   : Table 'db_sriundee_shop.t_log_version' doesn't exist
2026-05-21T14:48:43.386+07:00 DEBUG 45896 --- [preorder] [io-8080-exec-10] org.hibernate.SQL                        : select s1_0.id_setting,s1_0.s_key,s1_0.s_value from t_settings s1_0 where s1_0.s_key=?
Hibernate: select s1_0.id_setting,s1_0.s_key,s1_0.s_value from t_settings s1_0 where s1_0.s_key=?
2026-05-21T14:48:43.387+07:00 TRACE 45896 --- [preorder] [io-8080-exec-10] org.hibernate.orm.jdbc.bind              : binding parameter (1:VARCHAR) <- [theme_mode]
2026-05-21T14:48:43.389+07:00 DEBUG 45896 --- [preorder] [io-8080-exec-10] o.s.jdbc.core.JdbcTemplate               : Executing prepared SQL query
2026-05-21T14:48:43.390+07:00 DEBUG 45896 --- [preorder] [io-8080-exec-10] o.s.jdbc.core.JdbcTemplate               : Executing prepared SQL statement [SELECT COALESCE(SUM(CAST(REPLACE(c_price, ',', '') AS DECIMAL(14,2))), 0)
FROM q_income
WHERE c_delete = 'A'
  AND c_create_date BETWEEN ? AND ?
]
2026-05-21T14:48:43.390+07:00 DEBUG 45896 --- [preorder] [io-8080-exec-10] o.s.jdbc.datasource.DataSourceUtils      : Fetching JDBC Connection from DataSource
2026-05-21T14:48:43.392+07:00 DEBUG 45896 --- [preorder] [io-8080-exec-10] o.s.jdbc.core.JdbcTemplate               : Executing prepared SQL query
2026-05-21T14:48:43.392+07:00 DEBUG 45896 --- [preorder] [io-8080-exec-10] o.s.jdbc.core.JdbcTemplate               : Executing prepared SQL statement [SELECT COALESCE(SUM(CAST(REPLACE(c_price, ',', '') AS DECIMAL(14,2))), 0)
FROM q_cost
WHERE c_delete = 'A'
  AND c_create_date BETWEEN ? AND ?
]
2026-05-21T14:48:43.393+07:00 DEBUG 45896 --- [preorder] [io-8080-exec-10] o.s.jdbc.datasource.DataSourceUtils      : Fetching JDBC Connection from DataSource
2026-05-21T14:48:43.394+07:00 DEBUG 45896 --- [preorder] [io-8080-exec-10] o.s.jdbc.core.JdbcTemplate               : Executing prepared SQL query
2026-05-21T14:48:43.394+07:00 DEBUG 45896 --- [preorder] [io-8080-exec-10] o.s.jdbc.core.JdbcTemplate               : Executing prepared SQL statement [SELECT COALESCE(SUM(CASE WHEN ID_pay_method = 2 THEN o_price_balance ELSE 0 END), 0)
FROM q_order
WHERE o_order_date BETWEEN ? AND ?
]
2026-05-21T14:48:43.394+07:00 DEBUG 45896 --- [preorder] [io-8080-exec-10] o.s.jdbc.datasource.DataSourceUtils      : Fetching JDBC Connection from DataSource
2026-05-21T14:48:43.394+07:00 DEBUG 45896 --- [preorder] [io-8080-exec-10] o.s.jdbc.core.JdbcTemplate               : Executing prepared SQL query
2026-05-21T14:48:43.395+07:00 DEBUG 45896 --- [preorder] [io-8080-exec-10] o.s.jdbc.core.JdbcTemplate               : Executing prepared SQL statement [SELECT COALESCE(SUM(o_net), 0)
FROM q_order
WHERE o_order_date BETWEEN ? AND ?
]
2026-05-21T14:48:43.395+07:00 DEBUG 45896 --- [preorder] [io-8080-exec-10] o.s.jdbc.datasource.DataSourceUtils      : Fetching JDBC Connection from DataSource
2026-05-21T14:48:43.396+07:00 DEBUG 45896 --- [preorder] [io-8080-exec-10] o.s.jdbc.core.JdbcTemplate               : Executing prepared SQL query
2026-05-21T14:48:43.396+07:00 DEBUG 45896 --- [preorder] [io-8080-exec-10] o.s.jdbc.core.JdbcTemplate               : Executing prepared SQL statement [SELECT COUNT(*)
FROM q_order
WHERE ID_pay_method = 2
  AND COALESCE(o_price_balance, 0) > 0
  AND o_order_date BETWEEN ? AND ?
]
2026-05-21T14:48:43.396+07:00 DEBUG 45896 --- [preorder] [io-8080-exec-10] o.s.jdbc.datasource.DataSourceUtils      : Fetching JDBC Connection from DataSource
2026-05-21T14:48:43.398+07:00 DEBUG 45896 --- [preorder] [io-8080-exec-10] org.hibernate.SQL                        : SELECT ID_menu ,m_name ,m_parent ,m_ID_menu ,m_url ,m_icon
FROM t_menu
WHERE m_ID_menu IS NULL
ORDER BY CASE WHEN ID_menu = 14 THEN 1.5 WHEN ID_menu = 12 THEN 7.5 WHEN ID_menu = 13 THEN 7.6 ELSE ID_menu END

Hibernate: SELECT ID_menu ,m_name ,m_parent ,m_ID_menu ,m_url ,m_icon
FROM t_menu
WHERE m_ID_menu IS NULL
ORDER BY CASE WHEN ID_menu = 14 THEN 1.5 WHEN ID_menu = 12 THEN 7.5 WHEN ID_menu = 13 THEN 7.6 ELSE ID_menu END

2026-05-21T14:48:43.402+07:00 DEBUG 45896 --- [preorder] [io-8080-exec-10] org.hibernate.SQL                        : SELECT ID_menu ,m_name ,m_parent ,m_ID_menu ,m_url ,m_icon FROM t_menu WHERE m_ID_menu = ? ORDER BY ID_menu
Hibernate: SELECT ID_menu ,m_name ,m_parent ,m_ID_menu ,m_url ,m_icon FROM t_menu WHERE m_ID_menu = ? ORDER BY ID_menu
2026-05-21T14:48:43.402+07:00 TRACE 45896 --- [preorder] [io-8080-exec-10] org.hibernate.orm.jdbc.bind              : binding parameter (1:INTEGER) <- [2]
2026-05-21T14:48:43.405+07:00 DEBUG 45896 --- [preorder] [io-8080-exec-10] o.s.jdbc.core.JdbcTemplate               : Executing prepared SQL query
2026-05-21T14:48:43.405+07:00 DEBUG 45896 --- [preorder] [io-8080-exec-10] o.s.jdbc.core.JdbcTemplate               : Executing prepared SQL statement [SELECT period,
       SUM(sales) AS sales,
       SUM(income) AS income,
       SUM(expense) AS expense,
       SUM(receivable) AS receivable
FROM (
    SELECT DATE_FORMAT(o_order_date, '%m/%Y') AS period,
           DATE_FORMAT(o_order_date, '%Y-%m') AS sort_period,
           SUM(o_net) AS sales, 0 AS income, 0 AS expense,
           SUM(CASE WHEN ID_pay_method = 2 THEN o_price_balance ELSE 0 END) AS receivable
    FROM q_order
    WHERE o_order_date BETWEEN ? AND ?
    GROUP BY DATE_FORMAT(o_order_date, '%m/%Y'), DATE_FORMAT(o_order_date, '%Y-%m')
    UNION ALL
    SELECT DATE_FORMAT(c_create_date, '%m/%Y'), DATE_FORMAT(c_create_date, '%Y-%m'),
           0, SUM(CAST(REPLACE(c_price, ',', '') AS DECIMAL(14,2))), 0, 0
    FROM q_income
    WHERE c_delete = 'A' AND c_create_date BETWEEN ? AND ?
    GROUP BY DATE_FORMAT(c_create_date, '%m/%Y'), DATE_FORMAT(c_create_date, '%Y-%m')
    UNION ALL
    SELECT DATE_FORMAT(c_create_date, '%m/%Y'), DATE_FORMAT(c_create_date, '%Y-%m'),
           0, 0, SUM(CAST(REPLACE(c_price, ',', '') AS DECIMAL(14,2))), 0
    FROM q_cost
    WHERE c_delete = 'A' AND c_create_date BETWEEN ? AND ?
    GROUP BY DATE_FORMAT(c_create_date, '%m/%Y'), DATE_FORMAT(c_create_date, '%Y-%m')
) report_month
GROUP BY period, sort_period
ORDER BY sort_period
]
2026-05-21T14:48:43.406+07:00 DEBUG 45896 --- [preorder] [io-8080-exec-10] o.s.jdbc.datasource.DataSourceUtils      : Fetching JDBC Connection from DataSource
2026-05-21T14:48:43.408+07:00 DEBUG 45896 --- [preorder] [io-8080-exec-10] o.s.jdbc.core.JdbcTemplate               : Executing prepared SQL query
2026-05-21T14:48:43.409+07:00 DEBUG 45896 --- [preorder] [io-8080-exec-10] o.s.jdbc.core.JdbcTemplate               : Executing prepared SQL statement [SELECT COALESCE(SUM(CAST(REPLACE(c_price, ',', '') AS DECIMAL(14,2))), 0)
FROM q_income
WHERE c_delete = 'A'
  AND ID_type_income = ?
  AND c_create_date BETWEEN ? AND ?
]
2026-05-21T14:48:43.409+07:00 DEBUG 45896 --- [preorder] [io-8080-exec-10] o.s.jdbc.datasource.DataSourceUtils      : Fetching JDBC Connection from DataSource
2026-05-21T14:48:43.411+07:00 DEBUG 45896 --- [preorder] [io-8080-exec-10] o.s.jdbc.core.JdbcTemplate               : Executing prepared SQL query
2026-05-21T14:48:43.412+07:00 DEBUG 45896 --- [preorder] [io-8080-exec-10] o.s.jdbc.core.JdbcTemplate               : Executing prepared SQL statement [SELECT COALESCE(SUM(CAST(REPLACE(c_price, ',', '') AS DECIMAL(14,2))), 0)
FROM q_income
WHERE c_delete = 'A'
  AND ID_type_income = ?
  AND c_create_date BETWEEN ? AND ?
]
2026-05-21T14:48:43.412+07:00 DEBUG 45896 --- [preorder] [io-8080-exec-10] o.s.jdbc.datasource.DataSourceUtils      : Fetching JDBC Connection from DataSource
2026-05-21T14:48:43.414+07:00 DEBUG 45896 --- [preorder] [io-8080-exec-10] o.s.jdbc.core.JdbcTemplate               : Executing prepared SQL query
2026-05-21T14:48:43.414+07:00 DEBUG 45896 --- [preorder] [io-8080-exec-10] o.s.jdbc.core.JdbcTemplate               : Executing prepared SQL statement [SELECT COALESCE(SUM(CAST(REPLACE(c_price, ',', '') AS DECIMAL(14,2))), 0)
FROM q_income
WHERE c_delete = 'A'
  AND ID_type_income = ?
  AND c_create_date BETWEEN ? AND ?
]
2026-05-21T14:48:43.414+07:00 DEBUG 45896 --- [preorder] [io-8080-exec-10] o.s.jdbc.datasource.DataSourceUtils      : Fetching JDBC Connection from DataSource
2026-05-21T14:48:43.416+07:00 DEBUG 45896 --- [preorder] [io-8080-exec-10] o.s.jdbc.core.JdbcTemplate               : Executing prepared SQL query
2026-05-21T14:48:43.416+07:00 DEBUG 45896 --- [preorder] [io-8080-exec-10] o.s.jdbc.core.JdbcTemplate               : Executing prepared SQL statement [SELECT i.c_create_date, o.o_order_code, i.c_customer_name, i.ti_name, i.c_note, i.c_price
FROM q_income i
LEFT JOIN t_order o ON o.ID_order = i.ID_order
WHERE i.c_delete = 'A'
  AND i.c_create_date BETWEEN ? AND ?
ORDER BY i.c_create_date DESC, i.ID_income DESC
]
2026-05-21T14:48:43.417+07:00 DEBUG 45896 --- [preorder] [io-8080-exec-10] o.s.jdbc.datasource.DataSourceUtils      : Fetching JDBC Connection from DataSource
2026-05-21T14:48:43.419+07:00 DEBUG 45896 --- [preorder] [io-8080-exec-10] o.s.jdbc.core.JdbcTemplate               : Executing prepared SQL query
2026-05-21T14:48:43.419+07:00 DEBUG 45896 --- [preorder] [io-8080-exec-10] o.s.jdbc.core.JdbcTemplate               : Executing prepared SQL statement [SELECT o.o_order_code, o.o_order_date, o.o_customer_name, o.o_net,
       o.o_price_pledge, o.o_price_balance,
       COALESCE(GROUP_CONCAT(DISTINCT os.os_name ORDER BY os.ID_order_status SEPARATOR ', '), '-') AS statuses
FROM q_order o
LEFT JOIN t_order_detail od ON od.ID_order = o.ID_order
LEFT JOIN t_order_status os ON os.ID_order_status = od.ID_order_status
WHERE o.ID_pay_method = 2
  AND COALESCE(o.o_price_balance, 0) > 0
  AND o.o_order_date BETWEEN ? AND ?
GROUP BY o.ID_order, o.o_order_code, o.o_order_date, o.o_customer_name,
         o.o_net, o.o_price_pledge, o.o_price_balance
ORDER BY o.o_order_date DESC, o.ID_order DESC
]
2026-05-21T14:48:43.419+07:00 DEBUG 45896 --- [preorder] [io-8080-exec-10] o.s.jdbc.datasource.DataSourceUtils      : Fetching JDBC Connection from DataSource
2026-05-21T14:48:43.422+07:00 DEBUG 45896 --- [preorder] [io-8080-exec-10] o.s.jdbc.core.JdbcTemplate               : Executing prepared SQL query
2026-05-21T14:48:43.422+07:00 DEBUG 45896 --- [preorder] [io-8080-exec-10] o.s.jdbc.core.JdbcTemplate               : Executing prepared SQL statement [SELECT COALESCE(SUM(CAST(REPLACE(c_price, ',', '') AS DECIMAL(14,2))), 0)
FROM q_cost
WHERE c_delete = 'A'
  AND ID_type_cost = ?
  AND c_create_date BETWEEN ? AND ?
]
2026-05-21T14:48:43.423+07:00 DEBUG 45896 --- [preorder] [io-8080-exec-10] o.s.jdbc.datasource.DataSourceUtils      : Fetching JDBC Connection from DataSource
2026-05-21T14:48:43.425+07:00 DEBUG 45896 --- [preorder] [io-8080-exec-10] o.s.jdbc.core.JdbcTemplate               : Executing prepared SQL query
2026-05-21T14:48:43.425+07:00 DEBUG 45896 --- [preorder] [io-8080-exec-10] o.s.jdbc.core.JdbcTemplate               : Executing prepared SQL statement [SELECT COALESCE(SUM(CAST(REPLACE(c_price, ',', '') AS DECIMAL(14,2))), 0)
FROM q_cost
WHERE c_delete = 'A'
  AND ID_type_cost = ?
  AND c_create_date BETWEEN ? AND ?
]
2026-05-21T14:48:43.426+07:00 DEBUG 45896 --- [preorder] [io-8080-exec-10] o.s.jdbc.datasource.DataSourceUtils      : Fetching JDBC Connection from DataSource
2026-05-21T14:48:43.427+07:00 DEBUG 45896 --- [preorder] [io-8080-exec-10] o.s.jdbc.core.JdbcTemplate               : Executing prepared SQL query
2026-05-21T14:48:43.427+07:00 DEBUG 45896 --- [preorder] [io-8080-exec-10] o.s.jdbc.core.JdbcTemplate               : Executing prepared SQL statement [SELECT COALESCE(SUM(CAST(REPLACE(c_price, ',', '') AS DECIMAL(14,2))), 0)
FROM q_cost
WHERE c_delete = 'A'
  AND ID_type_cost = ?
  AND c_create_date BETWEEN ? AND ?
]
2026-05-21T14:48:43.428+07:00 DEBUG 45896 --- [preorder] [io-8080-exec-10] o.s.jdbc.datasource.DataSourceUtils      : Fetching JDBC Connection from DataSource
2026-05-21T14:48:43.429+07:00 DEBUG 45896 --- [preorder] [io-8080-exec-10] o.s.jdbc.core.JdbcTemplate               : Executing prepared SQL query
2026-05-21T14:48:43.429+07:00 DEBUG 45896 --- [preorder] [io-8080-exec-10] o.s.jdbc.core.JdbcTemplate               : Executing prepared SQL statement [SELECT c_create_date, tc_name, c_note, c_delete, c_price
FROM q_cost
WHERE c_delete = 'A'
  AND c_create_date BETWEEN ? AND ?
ORDER BY c_create_date DESC, ID_cost DESC
]
2026-05-21T14:48:43.430+07:00 DEBUG 45896 --- [preorder] [io-8080-exec-10] o.s.jdbc.datasource.DataSourceUtils      : Fetching JDBC Connection from DataSource
2026-05-21T14:48:43.430+07:00 DEBUG 45896 --- [preorder] [io-8080-exec-10] o.s.jdbc.core.JdbcTemplate               : Executing prepared SQL query
2026-05-21T14:48:43.430+07:00 DEBUG 45896 --- [preorder] [io-8080-exec-10] o.s.jdbc.core.JdbcTemplate               : Executing prepared SQL statement [SELECT COALESCE(SUM(CAST(REPLACE(c_price, ',', '') AS DECIMAL(14,2))), 0)
FROM q_income
WHERE c_delete = 'A'
  AND ID_type_income = ?
  AND c_create_date BETWEEN ? AND ?
]
2026-05-21T14:48:43.431+07:00 DEBUG 45896 --- [preorder] [io-8080-exec-10] o.s.jdbc.datasource.DataSourceUtils      : Fetching JDBC Connection from DataSource
2026-05-21T14:48:43.433+07:00 DEBUG 45896 --- [preorder] [io-8080-exec-10] o.s.jdbc.core.JdbcTemplate               : Executing prepared SQL query
2026-05-21T14:48:43.433+07:00 DEBUG 45896 --- [preorder] [io-8080-exec-10] o.s.jdbc.core.JdbcTemplate               : Executing prepared SQL statement [SELECT COALESCE(SUM(CAST(REPLACE(c_price, ',', '') AS DECIMAL(14,2))), 0)
FROM q_income
WHERE c_delete = 'A'
  AND ID_type_income = ?
  AND c_create_date BETWEEN ? AND ?
]
2026-05-21T14:48:43.434+07:00 DEBUG 45896 --- [preorder] [io-8080-exec-10] o.s.jdbc.datasource.DataSourceUtils      : Fetching JDBC Connection from DataSource
2026-05-21T14:48:43.436+07:00 DEBUG 45896 --- [preorder] [io-8080-exec-10] o.s.jdbc.core.JdbcTemplate               : Executing prepared SQL query
2026-05-21T14:48:43.436+07:00 DEBUG 45896 --- [preorder] [io-8080-exec-10] o.s.jdbc.core.JdbcTemplate               : Executing prepared SQL statement [SELECT COALESCE(SUM(CAST(REPLACE(c_price, ',', '') AS DECIMAL(14,2))), 0)
FROM q_income
WHERE c_delete = 'A'
  AND ID_type_income = ?
  AND c_create_date BETWEEN ? AND ?
]
2026-05-21T14:48:43.436+07:00 DEBUG 45896 --- [preorder] [io-8080-exec-10] o.s.jdbc.datasource.DataSourceUtils      : Fetching JDBC Connection from DataSource
2026-05-21T14:48:43.438+07:00 DEBUG 45896 --- [preorder] [io-8080-exec-10] o.s.jdbc.core.JdbcTemplate               : Executing prepared SQL query
2026-05-21T14:48:43.440+07:00 DEBUG 45896 --- [preorder] [io-8080-exec-10] o.s.jdbc.core.JdbcTemplate               : Executing prepared SQL statement [SELECT COALESCE(SUM(CAST(REPLACE(c_price, ',', '') AS DECIMAL(14,2))), 0)
FROM q_cost
WHERE c_delete = 'A'
  AND c_create_date BETWEEN ? AND ?
]
2026-05-21T14:48:43.440+07:00 DEBUG 45896 --- [preorder] [io-8080-exec-10] o.s.jdbc.datasource.DataSourceUtils      : Fetching JDBC Connection from DataSource
2026-05-21T14:48:43.442+07:00 DEBUG 45896 --- [preorder] [io-8080-exec-10] o.s.jdbc.core.JdbcTemplate               : Executing prepared SQL query
2026-05-21T14:48:43.442+07:00 DEBUG 45896 --- [preorder] [io-8080-exec-10] o.s.jdbc.core.JdbcTemplate               : Executing prepared SQL statement [SELECT COALESCE(SUM(od.od_qty), 0)
FROM t_order_detail od
JOIN t_order o ON o.ID_order = od.ID_order
WHERE o.o_order_date BETWEEN ? AND ?
]
2026-05-21T14:48:43.442+07:00 DEBUG 45896 --- [preorder] [io-8080-exec-10] o.s.jdbc.datasource.DataSourceUtils      : Fetching JDBC Connection from DataSource
2026-05-21T14:48:43.443+07:00 DEBUG 45896 --- [preorder] [io-8080-exec-10] o.s.jdbc.core.JdbcTemplate               : Executing prepared SQL query
2026-05-21T14:48:43.443+07:00 DEBUG 45896 --- [preorder] [io-8080-exec-10] o.s.jdbc.core.JdbcTemplate               : Executing prepared SQL statement [SELECT p.p_name, a.a_name, ty.t_name,
       SUM(od.od_qty) AS qty,
       SUM(od.od_price_total) AS sales,
       SUM(od.od_price_pledge) AS pledge,
       SUM(CASE WHEN o.ID_pay_method = 2 THEN od.od_price_balance ELSE 0 END) AS balance
FROM t_order_detail od
JOIN t_order o ON o.ID_order = od.ID_order
JOIN t_cover c ON c.ID_cover = od.ID_cover
JOIN t_product p ON p.ID_product = c.ID_pro
JOIN t_artist a ON a.ID_art = p.ID_art
JOIN t_type ty ON ty.ID_type = p.ID_type
WHERE o.o_order_date BETWEEN ? AND ?
GROUP BY p.ID_product, p.p_name, a.a_name, ty.t_name
ORDER BY qty DESC, p.p_name
]
2026-05-21T14:48:43.443+07:00 DEBUG 45896 --- [preorder] [io-8080-exec-10] o.s.jdbc.datasource.DataSourceUtils      : Fetching JDBC Connection from DataSource
2026-05-21T14:48:43.446+07:00 DEBUG 45896 --- [preorder] [io-8080-exec-10] o.s.jdbc.core.JdbcTemplate               : Executing prepared SQL query
2026-05-21T14:48:43.446+07:00 DEBUG 45896 --- [preorder] [io-8080-exec-10] o.s.jdbc.core.JdbcTemplate               : Executing prepared SQL statement [SELECT p.p_name, w.w_name, v.v_name, c.c_name,
       SUM(od.od_qty) AS ordered,
       SUM(CASE WHEN od.ID_order_status >= 2 THEN od.od_qty ELSE 0 END) AS pressed,
       SUM(CASE WHEN od.ID_order_status >= 3 THEN od.od_qty ELSE 0 END) AS in_lot,
       SUM(CASE WHEN od.ID_order_status >= 4 THEN od.od_qty ELSE 0 END) AS arrived,
       SUM(CASE WHEN od.ID_order_status = 5 THEN od.od_qty ELSE 0 END) AS sent
FROM t_order_detail od
JOIN t_order o ON o.ID_order = od.ID_order
JOIN t_cover c ON c.ID_cover = od.ID_cover
JOIN t_product p ON p.ID_product = c.ID_pro
JOIN t_website w ON w.ID_web = c.ID_web
JOIN t_version v ON v.ID_ver = c.ID_ver
WHERE o.o_order_date BETWEEN ? AND ?
GROUP BY c.ID_cover, p.p_name, w.w_name, v.v_name, c.c_name
ORDER BY p.p_name, w.w_name, v.v_name, c.c_name
]
2026-05-21T14:48:43.446+07:00 DEBUG 45896 --- [preorder] [io-8080-exec-10] o.s.jdbc.datasource.DataSourceUtils      : Fetching JDBC Connection from DataSource
2026-05-21T14:48:43.447+07:00 DEBUG 45896 --- [preorder] [io-8080-exec-10] o.s.jdbc.core.JdbcTemplate               : Executing prepared SQL query
2026-05-21T14:48:43.448+07:00 DEBUG 45896 --- [preorder] [io-8080-exec-10] o.s.jdbc.core.JdbcTemplate               : Executing prepared SQL statement [SELECT l.l_lot_number, l.l_create_date, l.l_start_date, l.l_end_date, l.l_arrive_date,
       COUNT(DISTINCT ld.ID_lot_detail) AS detail_count,
       COALESCE(SUM(od.od_qty), 0) AS qty,
       COALESCE(SUM(od.od_price_total), 0) AS value
FROM t_lot l
LEFT JOIN t_lot_detail ld ON ld.ID_lot = l.ID_lot
LEFT JOIN t_order_detail od ON od.ID_order_detail = ld.ID_order_detail
WHERE l.l_delete = 'A'
  AND l.l_create_date BETWEEN ? AND ?
GROUP BY l.ID_lot, l.l_lot_number, l.l_create_date, l.l_start_date, l.l_end_date, l.l_arrive_date
ORDER BY l.l_create_date DESC, l.ID_lot DESC
]
2026-05-21T14:48:43.448+07:00 DEBUG 45896 --- [preorder] [io-8080-exec-10] o.s.jdbc.datasource.DataSourceUtils      : Fetching JDBC Connection from DataSource
2026-05-21T14:48:43.449+07:00 DEBUG 45896 --- [preorder] [io-8080-exec-10] o.s.jdbc.core.JdbcTemplate               : Executing prepared SQL query
2026-05-21T14:48:43.450+07:00 DEBUG 45896 --- [preorder] [io-8080-exec-10] o.s.jdbc.core.JdbcTemplate               : Executing prepared SQL statement [SELECT os.os_name, os.os_color,
       COUNT(od.ID_order_detail) AS details,
       COALESCE(SUM(od.od_qty), 0) AS qty,
       COALESCE(SUM(od.od_price_total), 0) AS value,
       COALESCE(SUM(CASE WHEN o.ID_pay_method = 2 THEN od.od_price_balance ELSE 0 END), 0) AS balance
FROM t_order_detail od
JOIN t_order o ON o.ID_order = od.ID_order
JOIN t_order_status os ON os.ID_order_status = od.ID_order_status
WHERE o.o_order_date BETWEEN ? AND ?
GROUP BY os.ID_order_status, os.os_name, os.os_color
ORDER BY os.ID_order_status
]
2026-05-21T14:48:43.450+07:00 DEBUG 45896 --- [preorder] [io-8080-exec-10] o.s.jdbc.datasource.DataSourceUtils      : Fetching JDBC Connection from DataSource
2026-05-21T14:48:43.453+07:00 DEBUG 45896 --- [preorder] [io-8080-exec-10] o.s.w.s.v.ContentNegotiatingViewResolver : Selected 'text/html' given [text/html, application/xhtml+xml, image/avif, image/webp, image/apng, application/xml;q=0.9, */*;q=0.8, application/signed-exchange;v=b3;q=0.7]
2026-05-21T14:48:43.455+07:00  WARN 45896 --- [preorder] [io-8080-exec-10] actStandardFragmentInsertionTagProcessor : [THYMELEAF][http-nio-8080-exec-10][report/index] Deprecated unwrapped fragment expression "common/header :: header_head" found in template report/index, line 3, col 7. Please use the complete syntax of fragment expressions instead ("~{common/header :: header_head}"). The old, unwrapped syntax for fragment expressions will be removed in future versions of Thymeleaf.
2026-05-21T14:48:43.458+07:00  WARN 45896 --- [preorder] [io-8080-exec-10] actStandardFragmentInsertionTagProcessor : [THYMELEAF][http-nio-8080-exec-10][report/index] Deprecated unwrapped fragment expression "common/menu :: menu" found in template report/index, line 148, col 14. Please use the complete syntax of fragment expressions instead ("~{common/menu :: menu}"). The old, unwrapped syntax for fragment expressions will be removed in future versions of Thymeleaf.
2026-05-21T14:48:43.461+07:00  WARN 45896 --- [preorder] [io-8080-exec-10] actStandardFragmentInsertionTagProcessor : [THYMELEAF][http-nio-8080-exec-10][report/index] Deprecated unwrapped fragment expression "common/header :: header_nav" found in template report/index, line 151, col 21. Please use the complete syntax of fragment expressions instead ("~{common/header :: header_nav}"). The old, unwrapped syntax for fragment expressions will be removed in future versions of Thymeleaf.
2026-05-21T14:48:43.472+07:00  WARN 45896 --- [preorder] [io-8080-exec-10] actStandardFragmentInsertionTagProcessor : [THYMELEAF][http-nio-8080-exec-10][report/index] Deprecated unwrapped fragment expression "common/footer :: footer" found in template report/index, line 354, col 21. Please use the complete syntax of fragment expressions instead ("~{common/footer :: footer}"). The old, unwrapped syntax for fragment expressions will be removed in future versions of Thymeleaf.
2026-05-21T14:48:43.475+07:00 DEBUG 45896 --- [preorder] [io-8080-exec-10] o.s.web.servlet.DispatcherServlet        : Completed 200 OK
2026-05-21T14:48:43.513+07:00 DEBUG 45896 --- [preorder] [nio-8080-exec-3] o.s.web.servlet.DispatcherServlet        : GET "/mazer/dist/assets/vendors/choices.js/choices.min.css", parameters={}
2026-05-21T14:48:43.515+07:00 DEBUG 45896 --- [preorder] [nio-8080-exec-6] o.s.web.servlet.DispatcherServlet        : GET "/mazer/dist/assets/vendors/iconly/bold.css", parameters={}
2026-05-21T14:48:43.514+07:00 DEBUG 45896 --- [preorder] [nio-8080-exec-2] o.s.web.servlet.DispatcherServlet        : GET "/mazer/dist/assets/vendors/fontawesome/all.min.css", parameters={}
2026-05-21T14:48:43.517+07:00 DEBUG 45896 --- [preorder] [nio-8080-exec-2] o.s.w.s.handler.SimpleUrlHandlerMapping  : Mapped to ResourceHttpRequestHandler [classpath [META-INF/resources/], classpath [resources/], classpath [static/], classpath [public/], ServletContext [/]]
2026-05-21T14:48:43.514+07:00 DEBUG 45896 --- [preorder] [nio-8080-exec-9] o.s.web.servlet.DispatcherServlet        : GET "/mazer/dist/assets/css/bootstrap.css", parameters={}
2026-05-21T14:48:43.515+07:00 DEBUG 45896 --- [preorder] [nio-8080-exec-3] o.s.w.s.handler.SimpleUrlHandlerMapping  : Mapped to ResourceHttpRequestHandler [classpath [META-INF/resources/], classpath [resources/], classpath [static/], classpath [public/], ServletContext [/]]
2026-05-21T14:48:43.516+07:00 DEBUG 45896 --- [preorder] [nio-8080-exec-7] o.s.web.servlet.DispatcherServlet        : GET "/mazer/dist/assets/vendors/simple-datatables/style.css", parameters={}
2026-05-21T14:48:43.516+07:00 DEBUG 45896 --- [preorder] [nio-8080-exec-8] o.s.web.servlet.DispatcherServlet        : GET "/mazer/dist/assets/vendors/sweetalert2/sweetalert2.min.css", parameters={}
2026-05-21T14:48:43.517+07:00 DEBUG 45896 --- [preorder] [nio-8080-exec-6] o.s.w.s.handler.SimpleUrlHandlerMapping  : Mapped to ResourceHttpRequestHandler [classpath [META-INF/resources/], classpath [resources/], classpath [static/], classpath [public/], ServletContext [/]]
2026-05-21T14:48:43.519+07:00 DEBUG 45896 --- [preorder] [nio-8080-exec-9] o.s.w.s.handler.SimpleUrlHandlerMapping  : Mapped to ResourceHttpRequestHandler [classpath [META-INF/resources/], classpath [resources/], classpath [static/], classpath [public/], ServletContext [/]]
2026-05-21T14:48:43.523+07:00 DEBUG 45896 --- [preorder] [nio-8080-exec-6] o.s.web.servlet.DispatcherServlet        : Completed 200 OK
2026-05-21T14:48:43.519+07:00 DEBUG 45896 --- [preorder] [nio-8080-exec-2] o.s.web.servlet.DispatcherServlet        : Completed 200 OK
2026-05-21T14:48:43.520+07:00 DEBUG 45896 --- [preorder] [nio-8080-exec-7] o.s.w.s.handler.SimpleUrlHandlerMapping  : Mapped to ResourceHttpRequestHandler [classpath [META-INF/resources/], classpath [resources/], classpath [static/], classpath [public/], ServletContext [/]]
2026-05-21T14:48:43.525+07:00 DEBUG 45896 --- [preorder] [nio-8080-exec-2] o.s.web.servlet.DispatcherServlet        : GET "/mazer/dist/assets/vendors/perfect-scrollbar/perfect-scrollbar.css", parameters={}
2026-05-21T14:48:43.520+07:00 DEBUG 45896 --- [preorder] [nio-8080-exec-3] o.s.web.servlet.DispatcherServlet        : Completed 200 OK
2026-05-21T14:48:43.526+07:00 DEBUG 45896 --- [preorder] [nio-8080-exec-9] o.s.web.servlet.DispatcherServlet        : Completed 200 OK
2026-05-21T14:48:43.521+07:00 DEBUG 45896 --- [preorder] [nio-8080-exec-8] o.s.w.s.handler.SimpleUrlHandlerMapping  : Mapped to ResourceHttpRequestHandler [classpath [META-INF/resources/], classpath [resources/], classpath [static/], classpath [public/], ServletContext [/]]
2026-05-21T14:48:43.525+07:00 DEBUG 45896 --- [preorder] [nio-8080-exec-4] o.s.web.servlet.DispatcherServlet        : GET "/mazer/dist/assets/css/app.css", parameters={}
2026-05-21T14:48:43.526+07:00 DEBUG 45896 --- [preorder] [nio-8080-exec-2] o.s.w.s.handler.SimpleUrlHandlerMapping  : Mapped to ResourceHttpRequestHandler [classpath [META-INF/resources/], classpath [resources/], classpath [static/], classpath [public/], ServletContext [/]]
2026-05-21T14:48:43.528+07:00 DEBUG 45896 --- [preorder] [nio-8080-exec-4] o.s.w.s.handler.SimpleUrlHandlerMapping  : Mapped to ResourceHttpRequestHandler [classpath [META-INF/resources/], classpath [resources/], classpath [static/], classpath [public/], ServletContext [/]]
2026-05-21T14:48:43.530+07:00 DEBUG 45896 --- [preorder] [nio-8080-exec-2] o.s.web.servlet.DispatcherServlet        : Completed 200 OK
2026-05-21T14:48:43.527+07:00 DEBUG 45896 --- [preorder] [nio-8080-exec-3] o.s.web.servlet.DispatcherServlet        : GET "/mazer/dist/assets/vendors/bootstrap-icons/bootstrap-icons.css", parameters={}
2026-05-21T14:48:43.527+07:00 DEBUG 45896 --- [preorder] [nio-8080-exec-7] o.s.web.servlet.DispatcherServlet        : Completed 200 OK
2026-05-21T14:48:43.531+07:00 DEBUG 45896 --- [preorder] [nio-8080-exec-4] o.s.web.servlet.DispatcherServlet        : Completed 200 OK
2026-05-21T14:48:43.531+07:00 DEBUG 45896 --- [preorder] [nio-8080-exec-7] o.s.web.servlet.DispatcherServlet        : GET "/css/theme.css", parameters={}
2026-05-21T14:48:43.528+07:00 DEBUG 45896 --- [preorder] [nio-8080-exec-9] o.s.web.servlet.DispatcherServlet        : GET "/mazer/dist/assets/css/css-style.css", parameters={}
2026-05-21T14:48:43.530+07:00 DEBUG 45896 --- [preorder] [nio-8080-exec-8] o.s.web.servlet.DispatcherServlet        : Completed 200 OK
2026-05-21T14:48:43.533+07:00 DEBUG 45896 --- [preorder] [nio-8080-exec-8] o.s.web.servlet.DispatcherServlet        : GET "/mazer/dist/assets/vendors/perfect-scrollbar/perfect-scrollbar.min.js", parameters={}
2026-05-21T14:48:43.534+07:00 DEBUG 45896 --- [preorder] [nio-8080-exec-1] o.s.web.servlet.DispatcherServlet        : GET "/mazer/dist/assets/vendors/simple-datatables/simple-datatables.js", parameters={}
2026-05-21T14:48:43.534+07:00 DEBUG 45896 --- [preorder] [nio-8080-exec-8] o.s.w.s.handler.SimpleUrlHandlerMapping  : Mapped to ResourceHttpRequestHandler [classpath [META-INF/resources/], classpath [resources/], classpath [static/], classpath [public/], ServletContext [/]]
2026-05-21T14:48:43.531+07:00 DEBUG 45896 --- [preorder] [nio-8080-exec-3] o.s.w.s.handler.SimpleUrlHandlerMapping  : Mapped to ResourceHttpRequestHandler [classpath [META-INF/resources/], classpath [resources/], classpath [static/], classpath [public/], ServletContext [/]]
2026-05-21T14:48:43.536+07:00 DEBUG 45896 --- [preorder] [nio-8080-exec-8] o.s.web.servlet.DispatcherServlet        : Completed 200 OK
2026-05-21T14:48:43.531+07:00 DEBUG 45896 --- [preorder] [nio-8080-exec-7] o.s.w.s.handler.SimpleUrlHandlerMapping  : Mapped to ResourceHttpRequestHandler [classpath [META-INF/resources/], classpath [resources/], classpath [static/], classpath [public/], ServletContext [/]]
2026-05-21T14:48:43.533+07:00 DEBUG 45896 --- [preorder] [nio-8080-exec-9] o.s.w.s.handler.SimpleUrlHandlerMapping  : Mapped to ResourceHttpRequestHandler [classpath [META-INF/resources/], classpath [resources/], classpath [static/], classpath [public/], ServletContext [/]]
2026-05-21T14:48:43.533+07:00 DEBUG 45896 --- [preorder] [nio-8080-exec-5] o.s.web.servlet.DispatcherServlet        : GET "/mazer/dist/assets/js/bootstrap.bundle.min.js", parameters={}
2026-05-21T14:48:43.534+07:00 DEBUG 45896 --- [preorder] [nio-8080-exec-1] o.s.w.s.handler.SimpleUrlHandlerMapping  : Mapped to ResourceHttpRequestHandler [classpath [META-INF/resources/], classpath [resources/], classpath [static/], classpath [public/], ServletContext [/]]
2026-05-21T14:48:43.539+07:00 DEBUG 45896 --- [preorder] [nio-8080-exec-7] o.s.web.servlet.DispatcherServlet        : Completed 200 OK
2026-05-21T14:48:43.537+07:00 DEBUG 45896 --- [preorder] [nio-8080-exec-3] o.s.web.servlet.DispatcherServlet        : Completed 200 OK
2026-05-21T14:48:43.539+07:00 DEBUG 45896 --- [preorder] [nio-8080-exec-9] o.s.web.servlet.DispatcherServlet        : Completed 200 OK
2026-05-21T14:48:43.539+07:00 DEBUG 45896 --- [preorder] [nio-8080-exec-5] o.s.w.s.handler.SimpleUrlHandlerMapping  : Mapped to ResourceHttpRequestHandler [classpath [META-INF/resources/], classpath [resources/], classpath [static/], classpath [public/], ServletContext [/]]
2026-05-21T14:48:43.543+07:00 DEBUG 45896 --- [preorder] [nio-8080-exec-3] o.s.web.servlet.DispatcherServlet        : GET "/mazer/dist/assets/vendors/fontawesome/all.min.js", parameters={}
2026-05-21T14:48:43.543+07:00 DEBUG 45896 --- [preorder] [nio-8080-exec-6] o.s.web.servlet.DispatcherServlet        : GET "/mazer/dist/assets/vendors/sweetalert2/sweetalert2.all.min.js", parameters={}
2026-05-21T14:48:43.541+07:00 DEBUG 45896 --- [preorder] [io-8080-exec-10] o.s.web.servlet.DispatcherServlet        : GET "/mazer/dist/assets/js/extensions/sweetalert2.js", parameters={}
2026-05-21T14:48:43.544+07:00 DEBUG 45896 --- [preorder] [nio-8080-exec-6] o.s.w.s.handler.SimpleUrlHandlerMapping  : Mapped to ResourceHttpRequestHandler [classpath [META-INF/resources/], classpath [resources/], classpath [static/], classpath [public/], ServletContext [/]]
2026-05-21T14:48:43.541+07:00 DEBUG 45896 --- [preorder] [nio-8080-exec-1] o.s.web.servlet.DispatcherServlet        : Completed 200 OK
2026-05-21T14:48:43.546+07:00 DEBUG 45896 --- [preorder] [nio-8080-exec-1] o.s.web.servlet.DispatcherServlet        : GET "/mazer/dist/assets/js/main.js", parameters={}
2026-05-21T14:48:43.543+07:00 DEBUG 45896 --- [preorder] [nio-8080-exec-3] o.s.w.s.handler.SimpleUrlHandlerMapping  : Mapped to ResourceHttpRequestHandler [classpath [META-INF/resources/], classpath [resources/], classpath [static/], classpath [public/], ServletContext [/]]
2026-05-21T14:48:43.543+07:00 DEBUG 45896 --- [preorder] [nio-8080-exec-9] o.s.web.servlet.DispatcherServlet        : GET "/mazer/dist/assets/vendors/choices.js/choices.min.js", parameters={}
2026-05-21T14:48:43.548+07:00 DEBUG 45896 --- [preorder] [nio-8080-exec-6] o.s.web.servlet.DispatcherServlet        : Completed 200 OK
2026-05-21T14:48:43.544+07:00 DEBUG 45896 --- [preorder] [io-8080-exec-10] o.s.w.s.handler.SimpleUrlHandlerMapping  : Mapped to ResourceHttpRequestHandler [classpath [META-INF/resources/], classpath [resources/], classpath [static/], classpath [public/], ServletContext [/]]
2026-05-21T14:48:43.551+07:00 DEBUG 45896 --- [preorder] [nio-8080-exec-4] o.s.web.servlet.DispatcherServlet        : GET "/mazer/dist/assets/images/logo/logo-web.png", parameters={}
2026-05-21T14:48:43.552+07:00 DEBUG 45896 --- [preorder] [io-8080-exec-10] o.s.web.servlet.DispatcherServlet        : Completed 200 OK
2026-05-21T14:48:43.544+07:00 DEBUG 45896 --- [preorder] [nio-8080-exec-5] o.s.web.servlet.DispatcherServlet        : Completed 200 OK
2026-05-21T14:48:43.547+07:00 DEBUG 45896 --- [preorder] [nio-8080-exec-1] o.s.w.s.handler.SimpleUrlHandlerMapping  : Mapped to ResourceHttpRequestHandler [classpath [META-INF/resources/], classpath [resources/], classpath [static/], classpath [public/], ServletContext [/]]
2026-05-21T14:48:43.549+07:00 DEBUG 45896 --- [preorder] [nio-8080-exec-9] o.s.w.s.handler.SimpleUrlHandlerMapping  : Mapped to ResourceHttpRequestHandler [classpath [META-INF/resources/], classpath [resources/], classpath [static/], classpath [public/], ServletContext [/]]
2026-05-21T14:48:43.552+07:00 DEBUG 45896 --- [preorder] [nio-8080-exec-4] o.s.w.s.handler.SimpleUrlHandlerMapping  : Mapped to ResourceHttpRequestHandler [classpath [META-INF/resources/], classpath [resources/], classpath [static/], classpath [public/], ServletContext [/]]
2026-05-21T14:48:43.556+07:00 DEBUG 45896 --- [preorder] [nio-8080-exec-5] o.s.web.servlet.DispatcherServlet        : GET "/script/theme.js", parameters={}
2026-05-21T14:48:43.558+07:00 DEBUG 45896 --- [preorder] [nio-8080-exec-5] o.s.w.s.handler.SimpleUrlHandlerMapping  : Mapped to ResourceHttpRequestHandler [classpath [META-INF/resources/], classpath [resources/], classpath [static/], classpath [public/], ServletContext [/]]
2026-05-21T14:48:43.558+07:00 DEBUG 45896 --- [preorder] [nio-8080-exec-3] o.s.web.servlet.DispatcherServlet        : Completed 200 OK
2026-05-21T14:48:43.559+07:00 DEBUG 45896 --- [preorder] [nio-8080-exec-1] o.s.web.servlet.DispatcherServlet        : Completed 200 OK
2026-05-21T14:48:43.559+07:00 DEBUG 45896 --- [preorder] [nio-8080-exec-9] o.s.web.servlet.DispatcherServlet        : Completed 200 OK
2026-05-21T14:48:43.560+07:00 DEBUG 45896 --- [preorder] [nio-8080-exec-5] o.s.web.servlet.DispatcherServlet        : Completed 200 OK
2026-05-21T14:48:43.565+07:00 DEBUG 45896 --- [preorder] [nio-8080-exec-4] o.s.web.servlet.DispatcherServlet        : Completed 200 OK
2026-05-21T14:48:43.566+07:00 DEBUG 45896 --- [preorder] [nio-8080-exec-8] o.s.web.servlet.DispatcherServlet        : GET "/mazer/dist/assets/vendors/bootstrap-icons/fonts/bootstrap-icons.woff?4601c71fb26c9277391ec80789bfde9c", parameters={masked}
2026-05-21T14:48:43.567+07:00 DEBUG 45896 --- [preorder] [nio-8080-exec-8] o.s.w.s.handler.SimpleUrlHandlerMapping  : Mapped to ResourceHttpRequestHandler [classpath [META-INF/resources/], classpath [resources/], classpath [static/], classpath [public/], ServletContext [/]]
2026-05-21T14:48:43.570+07:00 DEBUG 45896 --- [preorder] [nio-8080-exec-8] o.s.web.servlet.DispatcherServlet        : Completed 200 OK
2026-05-21T14:48:43.593+07:00 DEBUG 45896 --- [preorder] [nio-8080-exec-7] o.s.web.servlet.DispatcherServlet        : GET "/settings/theme", parameters={}
2026-05-21T14:48:43.595+07:00 DEBUG 45896 --- [preorder] [nio-8080-exec-7] s.w.s.m.m.a.RequestMappingHandlerMapping : Mapped to com.sriundee.preorder.controller.SettingController#getTheme()
2026-05-21T14:48:43.596+07:00 DEBUG 45896 --- [preorder] [nio-8080-exec-7] org.hibernate.SQL                        : select lv1_0.id_log_version,lv1_0.lv_date,lv1_0.lv_version from t_log_version lv1_0 order by lv1_0.id_log_version desc limit ?
Hibernate: select lv1_0.id_log_version,lv1_0.lv_date,lv1_0.lv_version from t_log_version lv1_0 order by lv1_0.id_log_version desc limit ?
2026-05-21T14:48:43.597+07:00 TRACE 45896 --- [preorder] [nio-8080-exec-7] org.hibernate.orm.jdbc.bind              : binding parameter (1:INTEGER) <- [1]
2026-05-21T14:48:43.598+07:00  WARN 45896 --- [preorder] [nio-8080-exec-7] o.h.engine.jdbc.spi.SqlExceptionHelper   : SQL Error: 1146, SQLState: 42S02
2026-05-21T14:48:43.599+07:00 ERROR 45896 --- [preorder] [nio-8080-exec-7] o.h.engine.jdbc.spi.SqlExceptionHelper   : Table 'db_sriundee_shop.t_log_version' doesn't exist
2026-05-21T14:48:43.600+07:00 DEBUG 45896 --- [preorder] [nio-8080-exec-7] org.hibernate.SQL                        : select s1_0.id_setting,s1_0.s_key,s1_0.s_value from t_settings s1_0 where s1_0.s_key=?
Hibernate: select s1_0.id_setting,s1_0.s_key,s1_0.s_value from t_settings s1_0 where s1_0.s_key=?
2026-05-21T14:48:43.601+07:00 TRACE 45896 --- [preorder] [nio-8080-exec-7] org.hibernate.orm.jdbc.bind              : binding parameter (1:VARCHAR) <- [theme_mode]
2026-05-21T14:48:43.604+07:00 DEBUG 45896 --- [preorder] [nio-8080-exec-7] org.hibernate.SQL                        : select s1_0.id_setting,s1_0.s_key,s1_0.s_value from t_settings s1_0 where s1_0.s_key=?
Hibernate: select s1_0.id_setting,s1_0.s_key,s1_0.s_value from t_settings s1_0 where s1_0.s_key=?
2026-05-21T14:48:43.604+07:00 TRACE 45896 --- [preorder] [nio-8080-exec-7] org.hibernate.orm.jdbc.bind              : binding parameter (1:VARCHAR) <- [theme_mode]
2026-05-21T14:48:43.607+07:00 DEBUG 45896 --- [preorder] [nio-8080-exec-7] o.s.w.s.m.m.a.HttpEntityMethodProcessor  : Using 'application/json', given [*/*] and supported [application/json, application/*+json]
2026-05-21T14:48:43.608+07:00 DEBUG 45896 --- [preorder] [nio-8080-exec-7] o.s.w.s.m.m.a.HttpEntityMethodProcessor  : Writing [{theme=dark}]
2026-05-21T14:48:43.609+07:00 DEBUG 45896 --- [preorder] [nio-8080-exec-7] o.s.web.servlet.DispatcherServlet        : Completed 200 OK
